Gene	Product	EnClNCTC9394 NPEQ	KlPnEcl8 NPEQ	KlPnRH201207 NPEQ	CiRoICC168 NPEQ	SaTySL1344 NPEQ	SaTySL3261 NPEQ	SaTyD23580 NPEQ	SaTyA130 NPEQ	SaEnP125109 NPEQ	SaTyTy2 NPEQ	EsCoEC958 NPEQ	EsCoST131 NPEQ	EsCoBW25113 NPEQ	EsCoMG1655 NPEQ	EnClNCTC9394 locus tag	KlPnEcl8 locus tag	KlPnRH201207 locus tag	CiRoICC168 locus tag	SaTySL1344 locus tag	SaTySL3261 locus tag	SaTyD23580 locus tag	SaTyA130 locus tag	SaEnP125109 locus tag	SaTyTy2 locus tag	EsCoEC958 locus tag	EsCoST131 locus tag	EsCoBW25113 locus tag	EsCoMG1655 locus tag	ENC_no	BN373_no	ERS227112_no	ROD_no	SL1344_no	SL3261_no	STMMW_no	STM_no	SEN_no	t_no	EC958_no	NCTC13441_no	BW25113_no	b_no	ENC_in	BN373_in	ERS227112_in	ROD_in	SL1344_in	SL3261_in	STMMW_in	STM_in	SEN_no	t_in	EC958_in	NCTC13441_in	BW25113_in	b_in
rpoC	DNA-directed RNA polymerase subunit beta'	-2.42931532379876	-1.36115928752211	-4.5	-0.823431604176609	-4.12712568025389	-2.363984796563	-1.93543705017786	-4.5	-1.23731485668615	-1.52622143676934	-1.70713715330168	-3.69163360348817	-3.24904381343341	-4.5	ENC_13added	BN373_49811	ERS227112_01836	ROD_37641	SL1344_4093	SL3261_4093	STMMW_41071	STM_MW41071	SEN3938	t3473	EC958_5099	NCTC13441_04507	BW25113_3988	b3988	1	1	1	1	1	1	1	1	1	1	1	1	1	1	1	1	1	1	1	1	1	1	1	1	1	1	1	1
mukB	bacterial condensin subunit MukB	-2.79609239862109	-1.73104394196802	-4.5	-2.4616395250531	-3.79243288078332	-4.5	-1.92500333264	-4.5	-2.32050197509975	-2.72752833117519	-2.85160241252035	-4.5	-4.5	-4.5	ENC_17580	BN373_15671	ERS227112_03439	ROD_09921	SL1344_0931	SL3261_0931	STMMW_10051	STM_MW10051	SEN0898	t1940	EC958_1135	NCTC13441_02965	BW25113_0924	b0924	1	1	1	1	1	1	1	1	1	1	1	1	1	1	1	1	1	1	1	1	1	1	1	1	1	1	1	1
rpoB	DNA-directed RNA polymerase subunit beta	-3.07701980405632	-2.41430065402936	-2.64514598466355	-0.944578496084294	-1.78029303934265	-2.72553488901218	-1.57303623356242	-2.44072860565797	-1.29140870611829	-3.56495155505882	-3.37550527011448	-3.64199073722711	-4.5	-4.5	ENC_01390	BN373_49801	ERS227112_01835	ROD_37651	SL1344_4092	SL3261_4092	STMMW_41061	STM_MW41061	SEN3937	t3474	EC958_5098	NCTC13441_04508	BW25113_3987	b3987	1	1	1	1	1	1	1	1	1	1	1	1	1	1	1	1	1	1	1	1	1	1	1	1	1	1	1	1
dnaE	DNA polymerase III, alpha subunit	-3.41880020123325	-1.80343429072104	-4.5	-2.94808670050994	-3.49459530154704	-4.5	-1.96462710201674	-4.5	-1.13486168355195	-4.5	-2.85221128771255	-3.19095925644166	-2.65407753200633	-4.5	ENC_47070	BN373_06891	ERS227112_02539	ROD_01871	SL1344_0232	SL3261_0232	STMMW_02371	STM_MW02371	SEN0238	t0232	EC958_0330	NCTC13441_03792	BW25113_0184	b0184	1	1	1	1	1	1	1	1	1	1	1	1	1	1	1	1	1	1	1	1	1	1	1	1	1	1	1	1
valS	valyl-tRNA synthetase	-3.36667510760001	-0.86918931217761	-4.5	-1.85729767549451	-2.76025284517489	-3.47133682256857	-1.49882524328194	-1.46657700878997	-1.34919190186476	-4.5	-1.68152529434031	-4.5	-4.5	-4.5	ENC_34520	BN373_02801	ERS227112_02145	ROD_33241	SL1344_4405	SL3261_4405	STMMW_44211	STM_MW44211	SEN4228	t4510	EC958_4752	NCTC13441_04190	BW25113_4258	b4258	2	2	2	2	2	2	2	2	2	2	2	2	2	2	1	1	1	1	1	1	1	1	1	1	1	1	1	1
ileS	Isoleucyl-tRNA synthetase	-4.5	-4.5	-4.5	-2.20455607897599	-2.74448296711864	-4.5	-1.68033831174759	-4.5	-2.00373929074053	-4.5	-3.55798697863187	-3.03885673403384	-4.5	-4.5	ENC_45430	BN373_05021	ERS227112_02356	ROD_00231	SL1344_0047	SL3261_0047	STMMW_00471	STM_MW00471	SEN0046	t0048	EC958_0158	NCTC13441_03966	BW25113_0026	b0026	1	1	1	1	1	1	1	1	1	1	1	1	1	1	1	1	1	1	1	1	1	1	1	1	1	1	1	1
leuS	leucyl-tRNA synthetase	-3.22092014963595	-4.5	-4.5	-1.89659860974919	-2.47294992411472	-4.5	-2.05623404415373	-1.79204791848132	-1.02472254996054	-2.76190189712147	-2.37581787725147	-4.5	-2.38960880634056	-4.5	ENC_20680	BN373_12541	ERS227112_03116	ROD_06621	SL1344_0636	SL3261_0636	STMMW_07131	STM_MW07131	SEN0617	t2219	EC958_0761	NCTC13441_03353	BW25113_0642	b0642	2	2	2	2	2	2	2	2	2	2	2	2	2	2	1	1	1	1	1	1	1	1	1	1	1	1	1	1
secA	protein translocase subunit secA	-4.5	-2.35048514828436	-4.5	-1.66436241981693	-3.32463995095109	-3.24804542732391	-1.76882211399804	-2.29100766847369	-0.907507363481211	-3.0658097502768	-3.42511241559764	-2.3008947868679	-4.5	-4.5	ENC_46100	BN373_05911	ERS227112_02438A	ROD_01041	SL1344_0136	SL3261_0136	STMMW_01421	STM_MW01421	SEN0137	t0140	EC958_0239	NCTC13441_15added	BW25113_0098	b0098	1	1	1	1	1	1	1	1	1	1	1	1	1	1	1	1	1	1	1	1	1	1	1	1	1	1	1	1
alaS	alanyl-tRNA synthetase	-4.5	-2.16433919717528	-4.5	-2.18415607976565	-1.83237174782902	-4.5	-1.67714927148937	-2.36036347676055	-1.38211329301703	-4.5	-3.23496678305219	-4.5	-4.5	-4.5	ENC_29420	BN373_36621	ERS227112_01632	ROD_31171	SL1344_2807	SL3261_2807	STMMW_27891	STM_MW27891	SEN2668	t2728	EC958_2962	NCTC13441_01080	BW25113_2697	b2697	1	1	1	1	1	1	1	1	1	1	1	1	1	1	1	1	1	1	1	1	1	1	1	1	1	1	1	1
infB	bacterial translation initiation factor 2 (bIF-2)	-1.34009376353535	-0.984476771532349	-1.08206331974264	-0.88764893398203	-0.111452398713749	-1.04500799001061	-0.743948647853494	-1.07259104985468	-0.572628238217452	-1.6474919076877	-0.887747693246981	-0.592797968154365	-0.767008627612665	-4.5	ENC_34060	BN373_42281	ERS227112_01024	ROD_46641	SL1344_3259	SL3261_3259	STMMW_32861	STM_MW32861	SEN3121	t3204	EC958_3570	NCTC13441_00526	BW25113_3168	b3168	1	1	1	1	1	1	1	1	1	1	1	1	1	1	1	1	1	1	1	1	1	1	1	1	1	1	1	1
gyrA	DNA gyrase subunit A	-4.5	-1.91745535874904	-4.5	-4.5	-2.14686724682062	-4.5	-2.02213856345233	-4.5	-0.640979805988317	-4.5	-2.23163241333471	-4.5	-4.5	-4.5	ENC_39630	BN373_32511	ERS227112_03939	ROD_23531	SL1344_2241	SL3261_2241	STMMW_22961	STM_MW22961	SEN2254	t0592	EC958_2567	NCTC13441_01477	BW25113_2231	b2231	1	1	1	1	1	1	1	1	1	1	1	1	1	1	1	1	1	1	1	1	1	1	1	1	1	1	1	1
gyrB	DNA gyrase subunit B	-3.50836337024053	-2.48559917059418	-4.5	-1.66315756750318	-3.52713607489239	-3.49916448888886	-1.69176524823246	-4.5	-1.27293531339875	-2.86231830695624	-4.5	-4.5	-4.5	-4.5	ENC_03910	BN373_47461	ERS227112_00473	ROD_40281	SL1344_3802	SL3261_3802	STMMW_38201	STM_MW38201	SEN3652	t3684	EC958_4172	NCTC13441_04817	BW25113_3699	b3699	1	1	1	1	1	1	1	1	1	1	1	1	1	1	1	1	1	1	1	1	1	1	1	1	1	1	1	1
yaeT	outer membrane protein assembly complex, YaeT protein	-3.03868118436454	-1.44418018914035	-2.88479843842431	-2.58040601267811	-4.5	-3.0442366429824	-1.59989194313646	-2.24779391563462	-1.39740532057468	-2.67713600223781	-4.5	-4.5	-4.5	-4.5	ENC_47000	BN373_06821	ERS227112_02532	ROD_01801	SL1344_0225	SL3261_0225	STMMW_02301	STM_MW02301	SEN0231	t0225	EC958_0323	NCTC13441_03799	BW25113_0177	b0177	1	2	2	1	1	1	1	1	1	1	1	1	1	1	1	1	1	1	1	1	1	1	1	1	1	1	1	1
plsB	glycerol-3-phosphate acyltransferase	-4.5	-2.54528329210282	-4.5	-1.01757502027355	-4.5	-2.79100109120881	-1.72991077498623	-4.5	-1.58563644698866	-4.5	-2.39103809311477	-3.14491422175877	-4.5	-4.5	ENC_04720	BN373_00361	ERS227112_01901	ROD_37051	SL1344_4172	SL3261_4172	STMMW_41851	STM_MW41851	SEN4004	t4141	EC958_4497	NCTC13441_04445	BW25113_4041	b4041	1	1	1	1	1	1	1	1	1	1	1	1	1	1	1	1	1	1	1	1	1	1	1	1	1	1	1	1
pheT	phenylalanyl-tRNA synthetase beta subunit	-4.5	-4.5	-4.5	-4.5	-2.84071655360559	-4.5	-1.47055708572236	-4.5	-1.24475175619892	-4.5	-2.73721205398399	-4.5	-4.5	-4.5	ENC_14130	BN373_27611	ERS227112_04498	ROD_13421	SL1344_1272	SL3261_1272	STMMW_13451	STM_MW13451	SEN1706	t1219	EC958_1935	NCTC13441_02166	BW25113_1713	b1713	1	1	1	1	1	1	1	1	1	1	1	1	1	1	1	1	1	1	1	1	1	1	1	1	1	1	1	1
fusA_1	translation elongation factor 2 (EF-2/EF-G)	-3.16185644022566	-1.66101646831334	-4.5	-1.28282121822344	-4.5	-3.31719032566904	-1.07602076869931	-4.5	-1.12570844070693	-4.5	-4.5	-2.88852781387866	-4.5	-4.5	ENC_25390	BN373_43621	ERS227112_00861	ROD_44791	SL1344_3413	SL3261_3413	STMMW_34381	STM_MW34381	SEN3274	t4059	EC958_3736	NCTC13441_00355	BW25113_3340	b3340	5	5	5	4	4	4	4	4	4	4	4	4	4	4	1	1	1	1	1	1	1	1	1	1	1	1	1	1
metG	methionyl-tRNA synthetase	-1.9541902001267	-1.71180486972428	-1.83650597833695	-2.22536404838908	-4.5	-4.5	-2.44132955704292	-4.5	-0.836265210863399	-4.5	-2.74335019619002	-2.29468277493575	-0.819250538906612	-4.5	ENC_40450	BN373_31631	ERS227112_04019	ROD_22361	SL1344_2132	SL3261_2132	STMMW_21861	STM_MW21861	SEN2148	t0701	EC958_2449	NCTC13441_01596	BW25113_2114	b2114	1	1	1	1	1	1	1	1	1	1	1	1	1	1	1	1	1	1	1	1	1	1	1	1	1	1	1	1
thrS	threonyl-tRNA synthetase /Ser-tRNA(Thr) hydrolase	-2.55971558273807	-4.5	-4.5	-4.5	-2.62827537952677	-4.5	-1.95599084593306	-4.5	-0.57893765125459	-4.5	-4.5	-4.5	-4.5	-4.5	ENC_14180	BN373_27661	ERS227112_04492	ROD_13371	SL1344_1267	SL3261_1267	STMMW_13401	STM_MW13401	SEN1711	t1213	EC958_1940	NCTC13441_02160	BW25113_1719	b1719	1	1	1	1	1	1	1	1	1	1	1	1	1	1	1	1	1	1	1	1	1	1	1	1	1	1	1	1
glyS	glycyl-tRNA synthetase beta chain	-2.25389566492994	-1.77074570358667	-4.5	-4.5	-2.6948533195539	-2.78649455896014	-1.9643564881484	-4.5	-1.56363845001763	-4.5	-2.06193758164632	-4.5	-4.5	-4.5	ENC_47290	BN373_45651	ERS227112_00657	ROD_42471	SL1344_3620	SL3261_3620	STMMW_36441	STM_MW36441	SEN3477	t3864	EC958_3964	NCTC13441_00125	BW25113_3559	b3559	1	1	1	1	1	1	1	1	1	1	1	1	1	1	1	1	1	1	1	1	1	1	1	1	1	1	1	1
ligA	DNA ligase	-4.5	-1.89788124349018	-4.5	-1.6655786483894	-2.91931364659783	-4.5	-1.81874122833722	-1.56675573619204	-1.74601262634474	-4.5	-4.5	-2.25104256430899	-2.25275920492787	-4.5	ENC_464added	BN373_34161	ERS227112_03821	ROD_23701	SL1344_2390	SL3261_2390	STMMW_24461	STM_MW24461	SEN2408	t0431	EC958_5024	NCTC13441_01307	BW25113_2411	b2411	1	0	0	0	0	0	0	0	0	0	0	0	0	0	1	1	1	1	1	1	1	1	1	1	1	1	1	1
dxs	1-deoxy-D-xylulose-5-phosphate synthase	-4.5	-4.5	-4.5	-4.5	-2.80969371605036	-4.5	-2.41960388143095	-1.4131763006069	-0.956086719784358	-4.5	-2.79832080789183	-4.5	-4.5	-4.5	ENC_23400	BN373_08611	ERS227112_02723	ROD_04691	SL1344_0416	SL3261_0416	STMMW_04921	STM_MW04921	SEN0404	t2441	EC958_0558	NCTC13441_03559	BW25113_0420	b0420	1	1	1	1	1	1	1	1	1	1	1	1	1	1	1	1	1	1	1	1	1	1	1	1	1	1	1	1
rpoD	RNA polymerase, sigma 70 subunit, RpoD	-4.5	-4.5	-4.5	-1.14551895327182	-2.32616726669316	-3.03716690072685	-2.24585453259805	-2.21032101024544	-1.33288080071798	-4.5	-4.5	-1.93733147614239	-4.5	-4.5	ENC_33120	BN373_41291	ERS227112_01131	ROD_36191	SL1344_3185	SL3261_3185	STMMW_31721	STM_MW31721	SEN3054	t3131	EC958_3473	NCTC13441_00625	BW25113_3067	b3067	1	1	1	1	1	1	1	1	1	1	1	1	1	1	1	1	1	1	1	1	1	1	1	1	1	1	1	1
secD	protein-export membrane protein SecD	-2.21673196166636	-1.75959879383148	-4.5	-1.42919390896549	-2.80672512464304	-1.98821925399479	-4.5	-1.43573324194433	-0.64917057158621	-1.29774075379263	-1.00398106674677	-2.40185432312121	-4.5	-4.5	ENC_23520	BN373_08481	ERS227112_02710	ROD_04561	SL1344_0402	SL3261_0402	STMMW_04771	STM_MW04771	SEN0390	t2456	EC958_0546	NCTC13441_03571	BW25113_0408	b0408	1	1	1	1	1	1	1	1	1	1	1	1	1	1	1	1	1	1	1	1	1	1	1	1	1	1	1	1
ftsI	peptidoglycan synthetase FtsI	-2.62289672126315	-1.94223050770842	-4.5	-2.35673154363152	-2.22183543345699	-4.5	-2.74410989245554	-4.5	-1.00124240991208	-4.5	-4.5	-4.5	-4.5	-4.5	ENC_45960	BN373_05771	ERS227112_02425	ROD_00901	SL1344_0122	SL3261_0122	STMMW_01281	STM_MW01281	SEN0123	t0126	EC958_0224	NCTC13441_03901	BW25113_0084	b0084	3	4	4	3	4	4	4	4	4	3	2	2	2	2	1	1	1	1	1	1	1	1	1	1	1	1	1	1
glnS	glutaminyl-tRNA synthetase	-4.5	-4.5	-4.5	-4.5	-4.5	-2.39983109555536	-1.59642443446896	-4.5	-0.527532673392371	-4.5	-2.54528046981768	-4.5	-4.5	-4.5	ENC_20470	BN373_12741	ERS227112_03143	ROD_06851	SL1344_0668	SL3261_0668	STMMW_07441	STM_MW07441	SEN0650	t2189	EC958_0798	NCTC13441_03311	BW25113_0680	b0680	1	1	1	1	1	1	1	1	1	1	1	1	1	1	1	1	1	1	1	1	1	1	1	1	1	1	1	1
rpsA	SSU ribosomal protein S1P	-1.8223449922284	-0.368216578530491	-4.5	-2.17285818787355	-0.60315237805609	-2.40957486278484	-0.712096957023698	-1.44287787384731	-0.3003454507283	-2.38562679743402	-1.87497528615105	-1.40125907786619	-1.75375160392288	-4.5	ENC_17720	BN373_15541	ERS227112_03426	ROD_09791	SL1344_0918	SL3261_0918	STMMW_09921	STM_MW09921	SEN0885	t1953	EC958_1121	NCTC13441_02978	BW25113_0911	b0911	1	1	1	1	1	1	1	1	1	1	1	1	1	1	1	1	1	1	1	1	1	1	1	1	1	1	1	1
argS	Arginine--tRNA ligase	-4.5	-4.5	-4.5	-4.5	-4.5	-4.5	-4.5	-1.02654792926619	-1.53518036606081	-4.5	-2.40737203686008	-4.5	-4.5	-4.5	ENC_49added	BN373_29741	ERS227112_04273	ROD_19201	SL1344_1844	SL3261_1844	STMMW_18921	STM_MW18921	SEN1094	t0968	EC958_2099	NCTC13441_02005	BW25113_1876	b1876	1	1	1	1	1	1	1	1	1	1	1	1	1	1	1	1	1	1	1	1	1	1	1	1	1	1	1	1
proS	prolyl-tRNA synthetase, family II	-4.5	-1.79108552382815	-4.5	-4.5	-2.08941262329363	-2.00007816965947	-1.25586770898877	-4.5	-1.18522099896965	-4.5	-4.5	-4.5	-1.96019424837758	-4.5	ENC_47160	BN373_06991	ERS227112_02550	ROD_02041	SL1344_0243	SL3261_0243	STMMW_02481	STM_MW02481	SEN0250	t0245	EC958_0341	NCTC13441_03781	BW25113_0194	b0194	1	1	1	1	1	1	1	1	1	1	1	1	1	1	1	1	1	1	1	1	1	1	1	1	1	1	1	1
msbA	lipid A export permease/ATP-binding protein MsbA	-4.5	-1.50424510086641	-4.5	-4.5	-2.84778345392796	-4.5	-2.36721589024029	-1.49296885185014	-1.19396894977333	-4.5	-4.5	-2.14016495807546	-1.80495028616249	-4.5	ENC_17690	BN373_15571	ERS227112_03429	ROD_09821	SL1344_0921	SL3261_0921	STMMW_09951	STM_MW09951	SEN0888	t1950	EC958_1124	NCTC13441_02975	BW25113_0914	b0914	25	32	35	29	20	20	19	19	20	19	27	27	24	24	1	1	1	1	1	1	1	1	1	1	1	1	1	1
pyrG	CTP synthase	-2.96560608872903	-1.05086978734033	-2.14467198035267	-2.39247362234464	-2.84567315926499	-2.7752885472399	-2.64783738393182	-1.78321990382592	-1.16423305528108	-1.96545780656666	-4.5	-4.5	-4.5	-4.5	ENC_30230	BN373_37681	ERS227112_01536	ROD_30341	SL1344_2932	SL3261_2932	STMMW_29161	STM_MW29161	SEN2792	t2854	EC958_3049	NCTC13441_00994	BW25113_2780	b2780	1	1	1	1	1	1	1	1	1	1	1	1	1	1	1	1	1	1	1	1	1	1	1	1	1	1	1	1
ubiB	2-octaprenylphenol hydroxylase	-2.8988347981346	-1.12331848677928	-1.72886832238822	-1.93965349408376	-3.14798228832986	-2.54337754259086	-2.03317365258411	-2.38514646722679	-0.805909793055861	-1.6393899476842	-2.15918310457616	-2.6530010674629	-4.5	-4.5	ENC_01760	BN373_49561	ERS227112_01803	ROD_39191	SL1344_3926	SL3261_3926	STMMW_39431	STM_MW39431	SEN3767	t3325	EC958_4317	NCTC13441_04664	BW25113_3835	b3835	1	1	1	1	1	1	1	1	1	1	1	1	1	1	1	1	1	1	1	1	1	1	1	1	1	1	1	1
oxaA	protein translocase subunit yidC	-3.12760063016291	-4.5	-2.34521159936173	-1.05573142143091	-2.45152194743019	-3.10915033639765	-3.09832954271893	-4.5	-1.32636711227438	-4.5	-2.1959395361403	-4.5	-4.5	-4.5	ENC_03960	BN373_47531	ERS227112_00468	ROD_40241	SL1344_3809	SL3261_3809	STMMW_38271	STM_MW38271	SEN3659	t3678	EC958_4179	NCTC13441_04811	BW25113_3705	b3705	1	1	1	1	1	1	1	1	1	1	1	1	1	1	1	1	1	1	1	1	1	1	1	1	1	1	1	1
groL	chaperonin GroL	-4.5	-4.5	-4.5	-1.68600148739472	-2.93965221033977	-4.5	-1.40672313874736	-4.5	-1.05978325337206	-2.62345705923864	-4.5	-4.5	-4.5	-4.5	ENC_42400	BN373_01451	ERS227112_02009	ROD_32061	SL1344_4267	SL3261_4267	STMMW_42791	STM_MW42791	SEN4100	t4382	EC958_4632	NCTC13441_04312	BW25113_4143	b4143	1	1	1	1	1	1	1	1	1	1	1	1	1	1	1	1	1	1	1	1	1	1	1	1	1	1	1	1
ubiD	3-octaprenyl-4hydroxybenzoate decarboxylase	-2.11022698121053	-0.505361670546826	-2.3195288804852	-0.45734806656932	-0.648058883018815	-0.651244785211369	-0.726622213533393	-0.674518063175704	-0.642373910410204	-4.5	-0.965811766618168	-0.947986363756013	-4.5	-4.5	ENC_01700	BN373_49621	ERS227112_01809	ROD_39131	SL1344_3932	SL3261_3932	STMMW_39491	STM_MW39491	SEN3773	t3319	EC958_4323	NCTC13441_04658	BW25113_3843	b3843	3	3	3	2	2	2	2	2	2	2	1	1	1	1	1	1	1	1	1	1	1	1	1	1	1	1	1	1
murE	UDP-N-acetylmuramyl-tripeptide synthetases	-4.5	-4.5	-4.5	-4.5	-1.64332378421376	-4.5	-1.87795809252206	-4.5	-1.23410167782471	-4.5	-1.23932913290667	-1.30653502301909	-4.5	-4.5	ENC_45970	BN373_05781	ERS227112_02426	ROD_00911	SL1344_0123	SL3261_0123	STMMW_01291	STM_MW01291	SEN0124	t0127	EC958_0225	NCTC13441_03900	BW25113_0085	b0085	1	1	2	1	1	1	1	1	1	1	1	1	1	1	1	1	1	1	1	1	1	1	1	1	1	1	1	1
murC	UDP-N-acetylmuramate--L-alanine ligase	-2.44168428601179	-4.5	-4.5	-1.47611403146493	-2.72672785962209	-4.5	-1.86321679859731	-1.69403325195445	-1.62721596872654	-4.5	-4.5	-4.5	-4.5	-4.5	ENC_46030	BN373_05841	ERS227112_02432	ROD_00971	SL1344_0129	SL3261_0129	STMMW_01351	STM_MW01351	SEN0130	t0133	EC958_0231	NCTC13441_03894	BW25113_0091	b0091	2	2	2	2	2	2	2	2	2	2	2	2	2	2	1	1	1	1	1	1	1	1	1	1	1	1	1	1
gltX	glutamyl-tRNA synthetase	-4.5	-4.5	-4.5	-2.03132952908332	-2.56730413088338	-4.5	-2.15793284835922	-4.5	-1.16392842280865	-2.15183958793674	-1.31723831074942	-4.5	-4.5	-4.5	ENC_38500	BN373_34121	ERS227112_03829	ROD_28181	SL1344_2381	SL3261_2381	STMMW_24371	STM_MW24371	SEN2399	t0442	EC958_5016	NCTC13441_01319	BW25113_2400	b2400	1	1	1	1	1	1	1	1	1	1	1	1	1	1	1	1	1	1	1	1	1	1	1	1	1	1	1	1
dnaB	replicative DNA helicase	-2.91241614535946	-4.5	-4.5	-0.659056050786259	-4.5	-4.5	-2.09684174946444	-4.5	-1.51404474324333	-2.16620481427095	-2.92990178352833	-2.60605258528461	-4.5	-4.5	ENC_04830	BN373_00461	ERS227112_01911	ROD_36391	SL1344_4182	SL3261_4182	STMMW_41961	STM_MW41961	SEN4015	t4152	EC958_4511	NCTC13441_04431	BW25113_4052	b4052	1	1	3	2	1	1	2	2	1	2	2	2	1	1	1	1	1	1	1	1	1	1	1	1	1	1	1	1
lnt	apolipoprotein N-acyltransferase	-4.5	-4.5	-4.5	-2.06418144776755	-4.5	-4.5	-4.5	-1.24678027929653	-0.699532427175351	-4.5	-2.49270997310822	-4.5	-4.5	-4.5	ENC_20600	BN373_12621	ERS227112_03124	ROD_06691	SL1344_0655	SL3261_0655	STMMW_07311	STM_MW07311	SEN0635	t2207	EC958_0775	NCTC13441_03340	BW25113_0657	b0657	1	1	1	1	1	1	1	1	1	1	1	1	1	1	1	1	1	1	1	1	1	1	1	1	1	1	1	1
asnS	asparaginyl-tRNA synthetase	-2.33214524733047	-1.25367099341217	-1.91842957513537	-2.00219106693929	-4.5	-4.5	-1.06404343230354	-1.30068394049022	-1.39369895279581	-4.5	-4.5	-4.5	-4.5	-4.5	ENC_17510	BN373_15731	ERS227112_03446	ROD_09991	SL1344_0937	SL3261_0937	STMMW_10111	STM_MW10111	SEN0904	t1934	EC958_1141	NCTC13441_02959	BW25113_0930	b0930	1	3	3	2	2	2	2	2	2	2	3	3	3	3	1	1	1	1	1	1	1	1	1	1	1	1	1	1
dnaA	chromosomal replication initiator protein DnaA	-2.91238983047914	-4.5	-4.5	-1.81579556331993	-2.28938375924804	-4.5	-2.24304354044803	-4.5	-1.723841231325	-4.5	-3.13537502334936	-4.5	-2.05734422763232	-4.5	ENC_03940	BN373_47491	ERS227112_00470	ROD_40251	SL1344_3805	SL3261_3805	STMMW_38231	STM_MW38231	SEN3655	t3681	EC958_4175	NCTC13441_04814	BW25113_3702	b3702	1	1	1	1	1	1	1	1	1	1	1	1	1	1	1	1	1	1	1	1	1	1	1	1	1	1	1	1
secY	protein translocase subunit secY/sec61 alpha	-2.68502228964178	-1.88804381563936	-2.55557564634013	-2.20923036694063	-2.78107976421113	-2.15011186440265	-0.593567775316216	-1.78231369689272	-1.4534033494401	-4.5	-2.77618149703812	-4.5	-4.5	-4.5	ENC_25140	BN373_43361	ERS227112_00887	ROD_45221	SL1344_3387	SL3261_3387	STMMW_34131	STM_MW34131	SEN3248	t4085	EC958_3693	NCTC13441_00395	BW25113_3300	b3300	1	1	1	1	1	1	1	1	1	1	1	1	1	1	1	1	1	1	1	1	1	1	1	1	1	1	1	1
ffh	signal recognition particle subunit FFH/SRP54 (srp54)	-4.5	-1.44583462984251	-4.5	-4.5	-2.50420303682536	-2.40002677638586	-2.32390873562405	-4.5	-1.28735806120171	-4.5	-4.5	-1.94134953780648	-4.5	-4.5	ENC_28090	BN373_35871	ERS227112_01710	ROD_25601	SL1344_2650	SL3261_2650	STMMW_26911	STM_MW26911	SEN2598	t2632	EC958_2912	NCTC13441_01131	BW25113_2610	b2610	1	1	1	1	1	1	1	1	1	1	1	1	1	1	1	1	1	1	1	1	1	1	1	1	1	1	1	1
pssA	CDP-diacylglycerol--serine O-phosphatidyltransferase	-4.5	-0.695037957924349	-4.5	-4.5	-1.39889180125309	-4.5	-0.902056969829747	-4.5	-1.20701985163728	-4.5	-2.45892678725652	-1.91561617857763	-1.72193977556398	-4.5	ENC_435added	BN373_35661	ERS227112_00005	ROD_25301	SL1344_2616	SL3261_2616	STMMW_26721	STM_MW26721	SEN2579	t0258	EC958_2891	NCTC13441_01154	BW25113_2585	b2585	1	1	1	2	2	2	2	2	2	2	2	2	2	2	1	1	1	1	1	1	1	1	1	1	1	1	1	1
glmU	UDP-N-acetylglucosamine pyrophosphorylase /glucosamine-1-phosphate N-acetyltransferase	-4.5	-4.5	-4.5	-1.38671590364051	-2.96094399264428	-4.5	-2.23445656342996	-4.5	-1.76647611487153	-4.5	-4.5	-4.5	-4.5	-4.5	ENC_04160	BN373_47711	ERS227112_00448	ROD_40101	SL1344_3829	SL3261_3829	STMMW_38471	STM_MW38471	SEN3676	t3657	EC958_4203	NCTC13441_04787	BW25113_3730	b3730	1	1	1	1	1	1	1	1	1	1	1	1	1	1	1	1	1	1	1	1	1	1	1	1	1	1	1	1
mukF	bacterial condensin subunit MukF	-2.27772384395671	-1.21451045414351	-4.5	-4.5	-2.57463145493249	-2.1743687637126	-4.5	-4.5	-1.10260281404044	-4.5	-4.5	-4.5	-4.5	-4.5	ENC_17600	BN373_15651	ERS227112_03437	ROD_09901	SL1344_0929	SL3261_0929	STMMW_10031	STM_MW10031	SEN0896	t1942	EC958_1133	NCTC13441_02967	BW25113_0922	b0922	1	1	1	1	1	1	1	1	1	1	1	1	1	1	1	1	1	1	1	1	1	1	1	1	1	1	1	1
ftsA	cell division protein FtsA	-2.28127807038208	-4.5	-2.20447483827187	-2.00848208204907	-4.5	-4.5	-2.39755430105657	-1.53436723083974	-1.06423850169613	-4.5	-1.97750249793426	-2.23646217122383	-4.5	-4.5	ENC_46060	BN373_05871	ERS227112_02435	ROD_01001	SL1344_0132	SL3261_0132	STMMW_01381	STM_MW01381	SEN0133	t0136	EC958_0234	NCTC13441_03891	BW25113_0094	b0094	1	1	1	1	1	1	1	1	1	1	1	1	1	1	1	1	1	1	1	1	1	1	1	1	1	1	1	1
glmM	phosphoglucosamine mutase	-4.5	-4.5	-4.5	-4.5	-4.5	-4.5	-1.84596222322234	-1.75790500272621	-4.5	-4.5	-1.72122141526522	-4.5	-4.5	-4.5	ENC_34110	BN373_42361	ERS227112_01013	ROD_46451	SL1344_3265	SL3261_3265	STMMW_32921	STM_MW32921	SEN3127	t3211	EC958_3576	NCTC13441_00517	BW25113_3176	b3176	2	2	1	2	3	3	3	3	3	3	2	2	2	2	1	1	1	1	1	1	1	1	1	1	1	1	1	1
rho	transcription termination factor Rho	-4.5	-4.5	-2.13379444420574	-1.29614362375447	-2.18405131731768	-2.93705410464117	-1.76238332487623	-4.5	-2.49620842216042	-2.25470880838761	-1.12650254584584	-4.5	-4.5	-4.5	ENC_02190	BN373_49111	ERS227112_01753	ROD_39641	SL1344_3876	SL3261_3876	STMMW_38921	STM_MW38921	SEN3722	t3380	EC958_4244	NCTC13441_04740	BW25113_3783	b3783	1	1	1	1	1	1	1	1	1	1	1	1	1	1	1	1	1	1	1	1	1	1	1	1	1	1	1	1
serS	seryl-tRNA synthetase	-4.5	-1.23135174865915	-4.5	-4.5	-2.52583476806601	-2.14955912772874	-4.5	-4.5	-1.06788473029292	-4.5	-2.26670640895757	-4.5	-4.5	-4.5	ENC_17880	BN373_15411	ERS227112_03412	ROD_09571	SL1344_0901	SL3261_0901	STMMW_09751	STM_MW09751	SEN0868	t1971	EC958_1005	NCTC13441_03100	BW25113_0893	b0893	1	1	1	1	1	1	1	1	1	1	1	1	1	1	1	1	1	1	1	1	1	1	1	1	1	1	1	1
hisS	Histidine--tRNA ligase	-4.5	-0.2893629097271	-4.5	-4.5	-2.47040041250379	-4.5	-0.598587489534521	-4.5	-1.2048181689545	-4.5	-4.5	-1.83453273102988	-4.5	-4.5	ENC_448added	BN373_35011	ERS227112_00071	ROD_24571	SL1344_2484	SL3261_2484	STMMW_25391	STM_MW25391	SEN2502	t0334	EC958_2824	NCTC13441_01222	BW25113_2514	b2514	1	1	1	1	1	1	1	1	1	1	1	1	1	1	1	1	1	1	1	1	1	1	1	1	1	1	1	1
murD	UDP-N-acetylmuramoylalanine--D-glutamate ligase	-4.5	-1.64339135810184	-4.5	-2.06083788286802	-4.5	-4.5	-2.44602447590788	-4.5	-2.2087282969823	-4.5	-4.5	-4.5	-0.0398833823846826	-4.5	ENC_46000	BN373_05811	ERS227112_02429	ROD_00941	SL1344_0126	SL3261_0126	STMMW_01321	STM_MW01321	SEN0127	t0130	EC958_0228	NCTC13441_03897	BW25113_0088	b0088	1	1	1	1	1	1	1	1	1	1	1	1	1	1	1	1	1	1	1	1	1	1	1	1	1	1	1	1
accC	Biotin carboxylase	-2.10026286727443	-4.5	-4.5	-1.53139327662711	-2.692960714584	-2.75607925553304	-1.25223913532963	-4.5	-3.06611203839307	-4.5	-2.10377919025805	-4.5	-4.5	-4.5	ENC_35050	BN373_43061	ERS227112_00941	ROD_45581	SL1344_3353	SL3261_3353	STMMW_33781	STM_MW33781	SEN3214	t3295	EC958_3648	NCTC13441_00445	BW25113_3256	b3256	1	0	0	0	0	0	0	0	0	0	0	0	0	0	1	2	1	1	1	1	1	1	1	1	1	1	1	1
tyrS	tyrosyl-tRNA synthetase	-4.5	-4.5	-4.5	-4.5	-2.21014411106992	-4.5	-1.48566800104932	-0.702148905792668	-0.986961997563313	-4.5	-4.5	-4.5	-4.5	-4.5	ENC_13080	BN373_25561	ERS227112_04699	ROD_14301	SL1344_1381	SL3261_1381	STMMW_14521	STM_MW14521	SEN1598	t1317	EC958_1860	NCTC13441_02244	BW25113_1637	b1637	1	1	1	1	1	1	1	1	1	1	1	1	1	1	1	1	1	1	1	1	1	1	1	1	1	1	1	1
fabB	3-oxoacyl-[acyl-carrier-protein] synthase I	-2.19742573694165	-4.5	-4.5	-1.96374333765135	-1.7330882302514	-1.38564050142937	-1.30342113327811	-4.5	-1.48445985649879	-4.5	-4.5	-4.5	-1.57384991174073	-4.5	ENC_38840	BN373_33231	ERS227112_03866	ROD_27351	SL1344_2347	SL3261_2347	STMMW_24001	STM_MW24001	SEN2360	t0486	EC958_2658	NCTC13441_01388	BW25113_2323	b2323	4	3	3	5	2	2	2	2	2	2	2	2	2	2	1	1	1	1	1	1	1	1	1	1	1	1	1	1
murA	UDP-N-acetylglucosamine 1-carboxyvinyltransferase	-4.5	-1.13127072075769	-4.5	-2.18627655944629	-1.95998979471424	-2.69899787669066	-1.79191574485968	-4.5	-2.29567078201252	-4.5	-2.73661596110286	-2.33979558583003	-4.5	-4.5	ENC_34260	BN373_42491	ERS227112_00999	ROD_46311	SL1344_3279	SL3261_3279	STMMW_33061	STM_MW33061	SEN3140	t3224	EC958_3589	NCTC13441_00503	BW25113_3189	b3189	2	2	2	2	2	1	2	2	2	2	2	2	2	2	1	1	1	1	1	1	1	1	1	1	1	1	1	1
metK	S-adenosylmethionine synthetase	-4.5	-4.5	-4.5	-4.5	-4.5	-4.5	-2.41708793563336	-4.5	-1.57323979311418	-4.5	-4.5	-4.5	-4.5	-4.5	ENC_31920	BN373_40281	ERS227112_01288	ROD_50471	SL1344_3065	SL3261_3065	STMMW_30511	STM_MW30511	SEN2933	t3002	EC958_5057	NCTC13441_00810	BW25113_2942	b2942	1	1	1	1	1	1	1	1	1	1	1	1	1	1	1	1	1	1	1	1	1	1	1	1	1	1	1	1
murF	UDP-N-acetylmuramoyl-tripeptide--D-alanyl-D-alanine ligase	-4.5	-4.5	-4.5	-4.5	-2.65074809338211	-4.5	-4.5	-4.5	-1.54881626665022	-4.5	-4.5	-4.5	-4.5	-4.5	ENC_45980	BN373_05791	ERS227112_02427	ROD_00921	SL1344_0124	SL3261_0124	STMMW_01301	STM_MW01301	SEN0125	t0128	EC958_0226	NCTC13441_03899	BW25113_0086	b0086	1	1	1	1	1	1	1	1	1	1	1	1	1	1	1	1	1	1	1	1	1	1	1	1	1	1	1	1
hemA	glutamyl-tRNA reductase	-2.58690501991127	-4.5	-4.5	-4.5	-4.5	-1.56916846238737	-0.163548097167937	-4.5	-2.54938384697071	-2.3236269989725	-0.0302904195847211	-4.5	-1.03014476139241	-4.5	ENC_07590	BN373_28291	ERS227112_04433	ROD_18031	SL1344_1705	SL3261_1705	STMMW_17691	STM_MW17691	SEN1262	t1099	EC958_1478	NCTC13441_02632	BW25113_1210	b1210	1	1	1	1	1	1	1	1	1	1	1	1	1	1	1	1	1	1	1	1	1	1	1	1	1	1	1	1
obgE	Obg family GTPase CgtA	-4.5	-1.76189962517551	-2.57732057950154	-2.120207015717	-4.5	-1.93309182241832	-4.5	-4.5	-0.974123858246398	-4.5	-4.5	-4.5	-4.5	-4.5	ENC_34200	BN373_42431	ERS227112_01005	ROD_46371	SL1344_3273	SL3261_3273	STMMW_33001	STM_MW33001	SEN3134	t3218	EC958_3583	NCTC13441_00509	BW25113_3183	b3183	1	1	1	1	1	1	1	1	1	1	1	1	1	1	1	1	1	1	1	1	1	1	1	1	1	1	1	1
ftsY	signal recognition particle-docking protein FtsY	-4.5	-1.40744546442174	-4.5	-2.33406637138047	-1.13724226405034	-2.42391792756891	-1.36685561327842	-2.15366958547232	-0.474899246832221	-4.5	-4.5	-4.5	-0.874241739226052	-4.5	ENC_26560	BN373_44651	ERS227112_00755	ROD_43571	SL1344_3536	SL3261_3536	STMMW_35601	STM_MW35601	SEN3394	t3951	EC958_3858	NCTC13441_00236	BW25113_3464	b3464	1	1	1	1	1	1	1	1	1	1	1	1	1	1	1	1	1	1	1	1	1	1	1	1	1	1	1	1
ftsZ	cell division protein FtsZ	-4.5	-4.5	-4.5	-4.5	-2.47464671033709	-4.5	-4.5	-4.5	-2.07062608131867	-4.5	-4.5	-4.5	-4.5	-4.5	ENC_46070	BN373_05881	ERS227112_02436	ROD_01011	SL1344_0133	SL3261_0133	STMMW_01391	STM_MW01391	SEN0134	t0137	EC958_0235	NCTC13441_03890	BW25113_0095	b0095	1	1	1	1	1	1	1	1	1	1	1	1	1	1	1	1	1	1	1	1	1	1	1	1	1	1	1	1
coaBC	Phosphopantothenate-cysteine ligase /Phosphopantothenoylcysteine decarboxylase	-1.32598107357558	-1.92596397806619	-4.5	-1.63182231167802	-4.5	-2.24480972530175	-1.74045106583564	-4.5	-2.51769624772856	-4.5	-1.92936997103121	-4.5	-4.5	-4.5	ENC_02580	BN373_46221	ERS227112_00598	ROD_41761	SL1344_3696	SL3261_3696	STMMW_37191	STM_MW37191	SEN3552	t3788	EC958_4047	NCTC13441_00044	BW25113_3639	b3639	1	1	1	1	1	1	1	1	1	1	1	1	1	1	1	1	1	1	1	1	1	1	1	1	1	1	1	1
pgk	phosphoglycerate kinase	-4.5	-4.5	-4.5	-4.5	-4.5	-2.54205571971977	-1.71825952081785	-1.63696930472216	-0.853156685464183	-2.39415546685002	-0.298481660906895	-4.5	-4.5	-4.5	ENC_31600	BN373_40191	ERS227112_01310	ROD_50671	SL1344_3045	SL3261_3045	STMMW_30301	STM_MW30301	SEN2912	t2988	EC958_3205	NCTC13441_00830	BW25113_2926	b2926	1	1	1	1	1	1	1	1	1	1	1	1	1	1	1	1	1	1	1	1	1	1	1	1	1	1	1	1
lolC	lipoprotein releasing system, transmembrane protein, LolC/E family	-4.5	-0.986689783821344	-4.5	-4.5	-4.5	-4.5	-1.74096614379183	-0.591003573184652	-1.13621245269312	-0.936347291718818	-4.5	-4.5	-4.5	-4.5	ENC_15220	BN373_17271	ERS227112_03591	ROD_11831	SL1344_1154	SL3261_1154	STMMW_12261	STM_MW12261	SEN1832	t1703	EC958_1313	NCTC13441_02796	BW25113_1116	b1116	1	2	2	2	2	2	2	2	2	2	2	2	2	2	1	1	1	1	1	1	1	1	1	1	1	1	1	1
ispG	1-hydroxy-2-methyl-2-(E)-butenyl 4-diphosphate synthase	-4.5	-1.25914178281348	-4.5	-4.5	-4.5	-4.5	-4.5	-4.5	-0.671779479664879	-4.5	-4.5	-1.70569765149884	-4.5	-4.5	ENC_37470	BN373_35021	ERS227112_00069A	ROD_24581	SL1344_2485	SL3261_2485	STMMW_25401	STM_MW25401	SEN2503	t0333	EC958_2825	NCTC13441_5added	BW25113_2515	b2515	1	1	1	1	1	1	1	1	1	1	1	1	1	1	1	1	1	1	1	1	1	1	1	1	1	1	1	1
mraY	Phospho-N-acetylmuramoyl-pentapeptide-transferase	-4.5	-1.44849724575266	-4.5	-4.5	-2.42171108391815	-2.34812357610558	-1.55785431357312	-4.5	-0.914762541149548	-4.5	-1.83475440331274	-4.5	-4.5	-4.5	ENC_45990	BN373_05801	ERS227112_02428	ROD_00931	SL1344_0125	SL3261_0125	STMMW_01311	STM_MW01311	SEN0126	t0129	EC958_0227	NCTC13441_03898	BW25113_0087	b0087	1	1	1	1	1	1	1	1	1	1	1	1	1	1	1	1	1	1	1	1	1	1	1	1	1	1	1	1
lpxB	lipid-A-disaccharide synthase	-4.5	-4.5	-4.5	-4.5	-1.69452019489415	-4.5	-1.55029756765463	-4.5	-1.47251409639731	-4.5	-1.74365957150334	-4.5	-4.5	-4.5	ENC_47050	BN373_06871	ERS227112_02537	ROD_01851	SL1344_0230	SL3261_0230	STMMW_02351	STM_MW02351	SEN0236	t0230	EC958_0328	NCTC13441_03794	BW25113_0182	b0182	1	1	1	1	1	1	1	1	1	1	1	1	1	1	1	1	1	1	1	1	1	1	1	1	1	1	1	1
prfB	bacterial peptide chain release factor 2 (bRF-2)	-4.5	-4.5	-4.5	-4.5	-1.78451860335717	-4.5	-2.11572213218891	-4.5	-1.92163504872278	-4.5	-0.945239696619978	-4.5	-4.5	-4.5	ENC_31260	BN373_39861	ERS227112_01344	ROD_49421	SL1344_3017	SL3261_3017	STMMW_30011	STM_MW30011	SEN2884	t2959	EC958_3172	NCTC13441_00864	BW25113_2891	b2891	1	2	2	2	2	2	2	2	2	2	2	2	2	2	1	1	1	1	1	1	1	1	1	1	1	1	1	1
waaA	3-deoxy-D-manno-octulosonic acid transferase	-4.5	-1.27950865728837	-1.61013792801385	-4.5	-2.84485614241416	-4.5	-4.5	-4.5	-3.20475227784559	-4.5	-3.01512507992942	-4.5	-2.1634744735439	-4.5	ENC_25added	BN373_46151	ERS227112_00605	ROD_41831	SL1344_3690	SL3261_3690	STMMW_37131	STM_MW37131	SEN3546	t3794	EC958_4041	NCTC13441_00050	BW25113_3633	b3633	1	1	1	1	1	1	1	1	1	1	1	1	1	1	1	1	1	1	1	1	1	1	1	1	1	1	1	1
dnaN	DNA polymerase III, beta subunit	-4.5	-4.5	-1.92690878297808	-1.57036524448874	-4.5	-4.5	-2.6959101473766	-1.13023691524842	-1.48670596041613	-4.5	-4.5	-2.47374286425502	-4.5	-4.5	ENC_03930	BN373_47481	ERS227112_00471	ROD_40261	SL1344_3804	SL3261_3804	STMMW_38221	STM_MW38221	SEN3654	t3682	EC958_4174	NCTC13441_04815	BW25113_3701	b3701	1	1	1	1	1	1	1	1	1	1	1	1	1	1	1	1	1	1	1	1	1	1	1	1	1	1	1	1
asd	aspartate semialdehyde dehydrogenase	-2.60062323590244	-1.06421642692394	-4.5	-2.02730896101045	-2.7761227571841	-2.80552798221823	-2.66507984837628	-4.5	-0.898035588305478	-4.5	-2.05914534669338	-4.5	-4.5	-4.5	ENC_26270	BN373_44371	ERS227112_00786	ROD_43921	SL1344_3506	SL3261_3506	STMMW_35281	STM_MW35281	SEN3363	t3981	EC958_3827	NCTC13441_00266	BW25113_3433	b3433	1	2	2	1	1	1	1	1	1	1	1	1	1	1	1	1	1	1	1	1	1	1	1	1	1	1	1	1
lolE	ABC-type transport system, involved in lipoprotein release, permease component	-4.5	-4.5	-4.5	-4.5	-4.5	-0.411545348675296	-4.5	-4.5	-1.45903609110899	-1.97982680864037	-2.1488020078811	-4.5	-4.5	-4.5	ENC_15200	BN373_17291	ERS227112_03593	ROD_11851	SL1344_1156	SL3261_1156	STMMW_12281	STM_MW12281	SEN1830	t1701	EC958_1315	NCTC13441_02794	BW25113_1118	b1118	1	0	0	0	0	0	0	0	0	0	0	0	0	0	1	1	1	1	1	1	1	1	1	1	1	1	1	1
folC	folylpolyglutamate synthase/dihydrofolate synthase	-1.54355460349877	-1.3347312017153	-4.5	-4.5	-1.37882970013809	-4.5	-2.0367848404541	-4.5	-1.00673540077934	-4.5	-1.5544580199924	-1.70861420200537	-0.891437199742782	-4.5	ENC_38920	BN373_33151	ERS227112_03874	ROD_27271	SL1344_2334	SL3261_2334	STMMW_23871	STM_MW23871	SEN2347	t0499	EC958_2650	NCTC13441_01396	BW25113_2315	b2315	1	1	1	1	1	1	1	1	1	1	1	1	1	1	1	1	1	1	1	1	1	1	1	1	1	1	1	1
lptG	Predicted permeases	-4.5	-0.997206266036634	-1.98416482621658	-1.98892735414972	-2.48115664224295	-4.5	-0.938189196696337	-4.5	-1.25923453206569	-4.5	-1.56801441199993	-4.5	-4.5	-4.5	ENC_34480	BN373_02841	ERS227112_02149	ROD_33281	SL1344_4410	SL3261_4410	STMMW_44261	STM_MW44261	SEN4233	t4514	EC958_4757	NCTC13441_04186	BW25113_4262	b4262	2	1	1	1	1	1	1	1	1	1	4	4	3	3	1	1	1	1	1	1	1	1	1	1	1	1	1	1
dxr	1-deoxy-D-xylulose 5-phosphate reductoisomerase	-4.5	-4.5	-4.5	-4.5	-4.5	-4.5	-1.59283066084395	-4.5	-0.941228523076558	-4.5	-2.47491315696518	-4.5	-4.5	-4.5	ENC_46960	BN373_06781	ERS227112_02528	ROD_01761	SL1344_0221	SL3261_0221	STMMW_02261	STM_MW02261	SEN0227	t0221	EC958_0319	NCTC13441_03804	BW25113_0173	b0173	1	1	1	1	1	1	1	1	1	1	1	1	1	1	1	1	1	1	1	1	1	1	1	1	1	1	1	1
murG	UDP-N-acetylglucosamine--N-acetylmuramyl-(pentape ptide) pyrophosphoryl-undecaprenol N-acetylglucosamine transferase	-4.5	-4.5	-2.0145599329756	-4.5	-2.40466876534837	-4.5	-1.13559238835353	-4.5	-2.69091504984117	-2.15947552224468	-4.5	-2.07162915913912	-4.5	-4.5	ENC_46020	BN373_05831	ERS227112_02431	ROD_00961	SL1344_0128	SL3261_0128	STMMW_01341	STM_MW01341	SEN0129	t0132	EC958_0230	NCTC13441_03895	BW25113_0090	b0090	1	1	1	1	1	1	1	1	1	1	1	1	1	1	1	1	1	1	1	1	1	1	1	1	1	1	1	1
ribD	diaminohydroxyphosphoribosylaminopyrimidine deaminase /5-amino-6-(5-phosphoribosylamino)uracil reductase	-4.5	-4.5	-4.5	-4.5	-4.5	-4.5	-4.5	-4.5	-2.52063571053464	-4.5	-4.5	-4.5	-4.5	-4.5	ENC_23450	BN373_08551	ERS227112_02717	ROD_04631	SL1344_0410	SL3261_0410	STMMW_04861	STM_MW04861	SEN0398	t2447	EC958_0552	NCTC13441_03565	BW25113_0414	b0414	1	1	1	1	1	1	1	1	1	1	1	1	1	1	1	1	1	1	1	1	1	1	1	1	1	1	1	1
pheS	phenylalanyl-tRNA synthetase, alpha subunit	-4.5	-4.5	-4.5	-4.5	-4.5	-4.5	-1.27913286470831	-4.5	-1.61139253996611	-4.5	-4.5	-4.5	-4.5	-4.5	ENC_14140	BN373_27621	ERS227112_04497	ROD_13411	SL1344_1271	SL3261_1271	STMMW_13441	STM_MW13441	SEN1707	t1218	EC958_1936	NCTC13441_02165	BW25113_1714	b1714	1	1	1	1	1	1	1	1	1	1	1	1	1	1	1	1	1	1	1	1	1	1	1	1	1	1	1	1
rpoA	DNA-directed RNA polymerase subunit alpha	-4.5	-1.59025749093398	-4.5	-1.9123133571591	-1.78800219498058	-2.54379850826267	-1.2732620987767	-4.5	-0.280778131019013	-4.5	-1.7848410138114	-4.5	-4.5	-4.5	ENC_25100	BN373_43321	ERS227112_00890	ROD_45261	SL1344_3382	SL3261_3382	STMMW_34081	STM_MW34081	SEN3243	t4090	EC958_3689	NCTC13441_00400	BW25113_3295	b3295	1	1	1	1	1	1	1	1	1	1	1	1	1	1	1	1	1	1	1	1	1	1	1	1	1	1	1	1
gcp	O-sialoglycoprotein endopeptidase	-4.5	-4.5	-4.5	-1.93506627966493	-4.5	-1.74349023595578	-4.5	-4.5	-1.42894972174787	-4.5	-2.65197700354515	-2.03204137701641	-4.5	-4.5	ENC_33090	BN373_41261	ERS227112_01134	ROD_36161	SL1344_3182	SL3261_3182	STMMW_31691	STM_MW31691	SEN3051	t3128	EC958_3470	NCTC13441_00628	BW25113_3064	b3064	1	1	1	1	1	1	1	1	1	1	1	1	1	1	1	1	1	1	1	1	1	1	1	1	1	1	1	1
lpxD	UDP-3-O-[3-hydroxymyristoyl] glucosamine N-acyltransferase	-4.5	-4.5	-4.5	-4.5	-2.27486198396309	-4.5	-1.03125863697076	-0.701067904407054	-0.950686350279917	-4.5	-4.5	-4.5	-4.5	-4.5	ENC_47020	BN373_06841	ERS227112_02534	ROD_01821	SL1344_0227	SL3261_0227	STMMW_02321	STM_MW02321	SEN0233	t0227	EC958_0325	NCTC13441_03797	BW25113_0179	b0179	1	1	1	1	1	1	1	1	1	1	1	1	1	1	1	1	1	1	1	1	1	1	1	1	1	1	1	1
lptF	Lipopolysaccharide export system permease protein LptF	-4.5	-4.5	-4.5	-0.905780755138941	-2.47795085321382	-2.49607889993932	-0.730368267083081	-4.5	-0.937971775072634	-4.5	-1.98583372730326	-4.5	-4.5	-4.5	ENC_415added	BN373_02831	ERS227112_02148	ROD_33271	SL1344_4409	SL3261_4409	STMMW_44251	STM_MW44251	SEN4232	t4513	EC958_4756	NCTC13441_04187	BW25113_4261	b4261	3	2	2	2	2	2	2	2	2	2	6	6	4	4	1	1	1	1	1	1	1	1	1	1	1	1	1	1
glyQ	glycyl-tRNA synthetase alpha chain	-4.5	-1.64570229717241	-4.5	-1.25347598069771	-2.56919850892097	-4.5	-2.53291022622236	-1.09257104765234	-1.15128612919267	-1.01409879570596	-2.63112637444356	-4.5	-1.20904557763114	-4.5	ENC_47300	BN373_45661	ERS227112_00656	ROD_42461	SL1344_3621	SL3261_3621	STMMW_36451	STM_MW36451	SEN3478	t3863	EC958_3965	NCTC13441_00124	BW25113_3560	b3560	1	1	1	1	1	1	1	1	1	1	1	1	1	1	1	1	1	1	1	1	1	1	1	1	1	1	1	1
lepB	signal peptidase I . Serine peptidase. MEROPS family S26A	-4.5	-1.08854809444394	-2.23795086820513	-4.5	-0.777117903994481	-1.29159300324493	-0.685875976391182	-4.5	-0.237608802113078	-4.5	-1.38793359703584	-1.58076377376084	-4.5	-4.5	ENC_36930	BN373_35511	ERS227112_00020	ROD_25141	SL1344_2544	SL3261_2544	STMMW_25981	STM_MW25981	SEN2562	t0275	EC958_2874	NCTC13441_01171	BW25113_2568	b2568	1	1	1	1	1	1	1	1	1	1	1	1	1	1	1	1	1	1	1	1	1	1	1	1	1	1	1	1
accA	acetyl-CoA carboxylase carboxyltransferase subunit alpha	-4.5	-4.5	-4.5	-4.5	-4.5	-4.5	-2.06111590240313	-4.5	-1.29476201871011	-4.5	-4.5	-4.5	-4.5	-4.5	ENC_47080	BN373_06901	ERS227112_02540	ROD_01881	SL1344_0233	SL3261_0233	STMMW_02381	STM_MW02381	SEN0239	t0233	EC958_0331	NCTC13441_03791	BW25113_0185	b0185	1	1	1	1	1	1	1	1	1	1	1	1	1	1	1	1	1	1	1	1	1	1	1	1	1	1	1	1
lpxC	UDP-3-O-[3-hydroxymyristoyl] N-acetylglucosamine deacetylase	-1.96779015739745	-1.27344134999619	-4.5	-4.5	-4.5	-4.5	-0.978978822523264	-4.5	-1.15089472776586	-4.5	-2.34889156589384	-4.5	-4.5	-4.5	ENC_46080	BN373_05891	ERS227112_02437	ROD_01021	SL1344_0134	SL3261_0134	STMMW_01401	STM_MW01401	SEN0135	t0138	EC958_0236	NCTC13441_03889	BW25113_0096	b0096	1	1	1	1	1	1	1	1	1	1	1	1	1	1	1	1	1	1	1	1	1	1	1	1	1	1	1	1
psd	phosphatidylserine decarboxylase precursor	-4.5	-4.5	-4.5	-4.5	-2.40150623927939	-4.5	-0.634322550396332	-1.4223621706357	-2.03091356489195	-4.5	-1.3360742698065	-4.5	-4.5	-4.5	ENC_42620	BN373_01701	ERS227112_02035	ROD_32221	SL1344_4285	SL3261_4285	STMMW_42961	STM_MW42961	SEN4118	t4400	EC958_4650	NCTC13441_04293	BW25113_4160	b4160	1	1	1	1	1	1	1	1	1	1	1	1	1	1	1	1	1	1	1	1	1	1	1	1	1	1	1	1
prs	ribose-phosphate pyrophosphokinase	-4.5	-0.789003195605891	-4.5	-1.62308583230285	-1.91077348953396	-1.28950450120291	-1.27115714668493	-4.5	-1.57377698516978	-4.5	-4.5	-4.5	-4.5	-4.5	ENC_07550	BN373_28321	ERS227112_04430	ROD_18061	SL1344_1708	SL3261_1708	STMMW_17721	STM_MW17721	SEN1259	t1096	EC958_1475	NCTC13441_02635	BW25113_1207	b1207	1	1	1	1	1	1	1	1	1	1	1	1	1	1	1	1	1	1	1	1	1	1	1	1	1	1	1	1
holA	DNA polymerase III, delta subunit	-4.5	-4.5	-1.5769120234392	-4.5	-4.5	-1.93961105165257	-4.5	-4.5	-1.71948731097472	-4.5	-4.5	-4.5	-4.5	-4.5	ENC_20700	BN373_12521	ERS227112_03114	ROD_06601	SL1344_0634	SL3261_0634	STMMW_07111	STM_MW07111	SEN0615	t2221	EC958_0759	NCTC13441_03355	BW25113_0640	b0640	1	1	1	1	1	1	1	1	1	1	1	1	1	1	1	1	1	1	1	1	1	1	1	1	1	1	1	1
ispB	Geranylgeranyl pyrophosphate synthase	-4.5	-0.468273311366865	-1.69228801155203	-1.92969979396654	-2.39470629170846	-2.43997015454143	-1.53278149201056	-4.5	-0.939349659004057	-4.5	-2.48111656495074	-4.5	-4.5	-4.5	ENC_34240	BN373_42471	ERS227112_01001	ROD_46331	SL1344_3277	SL3261_3277	STMMW_33041	STM_MW33041	SEN3138	t3222	EC958_3587	NCTC13441_00505	BW25113_3187	b3187	2	2	2	2	2	2	2	2	2	2	2	2	2	2	1	1	1	1	1	1	1	1	1	1	1	1	1	1
accD	acetyl-CoA carboxylase carboxyltransferase subunit alpha	-4.5	-4.5	-4.5	-1.68432172657665	-4.5	-4.5	-1.71009088101812	-4.5	-4.5	-4.5	-2.01091326032717	-4.5	-4.5	-4.5	ENC_38910	BN373_33161	ERS227112_03873	ROD_27281	SL1344_2335	SL3261_2335	STMMW_23881	STM_MW23881	SEN2348	t0498	EC958_2651	NCTC13441_01395	BW25113_2316	b2316	1	1	1	1	1	1	1	1	1	1	1	1	1	1	1	1	1	1	1	1	1	1	1	1	1	1	1	1
coaA	pantothenate kinase	-2.33138833420234	-4.5	-1.86519645883717	-0.516563966267032	-1.54421422134782	-2.67347562534646	-1.14643786103299	-4.5	-0.368683675653584	-1.03818980237627	-1.25812245012702	-4.5	-0.176350993351955	-4.5	ENC_01470	BN373_49721	ERS227112_01822	ROD_37751	SL1344_4083	SL3261_4083	STMMW_40981	STM_MW40981	SEN3928	t3487	EC958_5090	NCTC13441_04521	BW25113_3974	b3974	1	1	1	1	1	1	1	1	1	1	1	1	1	1	1	1	1	1	1	1	1	1	1	1	1	1	1	1
era	GTP-binding protein Era	-4.5	-1.01498876464767	-2.162698770658	-4.5	-4.5	-4.5	-1.01506821825763	-4.5	-0.159667827364493	-4.5	-4.5	-1.50688386163401	-4.5	-4.5	ENC_36950	BN373_35491	ERS227112_00022	ROD_25121	SL1344_2542	SL3261_2542	STMMW_25961	STM_MW25961	SEN2560	t0276	EC958_2872	NCTC13441_01173	BW25113_2566	b2566	1	1	1	1	1	1	1	1	1	1	1	1	1	1	1	1	1	1	1	1	1	1	1	1	1	1	1	1
ppnK	Predicted sugar kinase	-4.5	-0.318875632374877	-4.5	-4.5	-4.5	-4.5	-4.5	-4.5	-0.866067355237955	-4.5	-2.087361493438	-4.5	-4.5	-4.5	ENC_28130	BN373_35911	ERS227112_01706	ROD_25641	SL1344_2655	SL3261_2655	STMMW_26971	STM_MW26971	SEN2603	t2637	EC958_2917	NCTC13441_01127	BW25113_2615	b2615	1	1	1	1	1	1	1	1	1	1	1	1	1	1	1	1	1	1	1	1	1	1	1	1	1	1	1	1
fabD	[Acyl-carrier-protein] S-malonyltransferase	-4.5	-4.5	-1.52228174508063	-4.5	-4.5	-4.5	-4.5	-4.5	-0.685241348293423	-4.5	-4.5	-4.5	-4.5	-4.5	ENC_15470	BN373_17041	ERS227112_03568	ROD_11541	SL1344_1131	SL3261_1131	STMMW_12031	STM_MW12031	SEN1855	t1726	EC958_1288	NCTC13441_02820	BW25113_1092	b1092	2	2	2	2	1	1	1	1	1	1	1	1	1	1	1	1	1	1	1	1	1	1	1	1	1	1	1	1
tilS	tRNA(Ile)-lysidine synthetase, N-terminal domain/tRNA(Ile)-lysidine synthetase, C-terminal domain	-1.34037184942036	-4.5	-4.5	-4.5	-2.43489263153127	-1.24734528806572	-1.60056102773769	-4.5	-2.91582362339283	-4.5	-1.47651225215395	-2.21972376304071	-4.5	-4.5	ENC_47110	BN373_06931	ERS227112_02543	ROD_01961	SL1344_0237	SL3261_0237	STMMW_02421	STM_MW02421	SEN0243	t0238	EC958_0334	NCTC13441_03788	BW25113_0188	b0188	1	1	1	1	1	1	1	1	1	1	1	1	1	1	1	1	1	1	1	1	1	1	1	1	1	1	1	1
murB	UDP-N-acetylmuramate dehydrogenase	-4.5	-1.7473768323882	-4.5	-1.28985346417653	-2.72267740100841	-4.5	-1.9202085019488	-4.5	-1.32603588650145	-2.21891376368533	-4.5	-4.5	-4.5	-4.5	ENC_27380	BN373_49701	ERS227112_01820	ROD_37771	SL1344_4081	SL3261_4081	STMMW_40961	STM_MW40961	SEN3926	t3489	EC958_5088	NCTC13441_04523	BW25113_3972	b3972	1	1	1	1	1	1	1	1	1	1	1	1	1	1	1	1	1	1	1	1	1	1	1	1	1	1	1	1
rplB	ribosomal protein L2, bacterial/organellar	-2.21143390872066	-4.5	-4.5	-4.5	-2.30666471482869	-4.5	-4.5	-1.30794681719862	-1.48095392670202	-4.5	-4.5	-1.94209108968825	-1.44211766015599	-4.5	ENC_25310	BN373_43531	ERS227112_00870	ROD_45051	SL1344_3404	SL3261_3404	STMMW_34291	STM_MW34291	SEN3265	t4068	EC958_3710	NCTC13441_00378	BW25113_3317	b3317	1	1	1	1	1	1	1	1	1	1	1	1	1	1	1	1	1	1	1	1	1	1	1	1	1	1	1	1
lgt	prolipoprotein diacylglyceryl transferase	-4.5	-4.5	-4.5	-4.5	-4.5	-4.5	-4.5	-1.2266630539765	-0.746405116418402	-4.5	-2.16671597413183	-4.5	-1.24220113522903	-4.5	ENC_30640	BN373_38671	ERS227112_01431	ROD_28701	SL1344_2980	SL3261_2980	STMMW_29631	STM_MW29631	SEN2844	t2911	EC958_5051	NCTC13441_00912	BW25113_2828	b2828	1	1	1	1	1	1	1	1	1	1	1	1	1	1	1	1	1	1	1	1	1	1	1	1	1	1	1	1
hemH	ferrochelatase	-4.5	-1.10074732599999	-1.70854603093255	-4.5	-2.16189762573728	-1.96965671779733	-0.314329459410013	-4.5	-1.59891772974045	-4.5	-2.0185312470244	-4.5	-4.5	-4.5	ENC_22510	BN373_09451	ERS227112_02810	ROD_05331	SL1344_0482	SL3261_0482	STMMW_05591	STM_MW05591	SEN0470	t2371	EC958_0614	NCTC13441_03503	BW25113_0475	b0475	1	1	1	1	1	1	1	1	1	1	1	1	1	1	1	1	1	1	1	1	1	1	1	1	1	1	1	1
ribF	FMN adenylyltransferase /riboflavin kinase	-4.5	-4.5	-4.5	-1.80183233970454	-1.23649935198875	-4.5	-4.5	-4.5	-0.901979689856146	-4.5	-0.854164066064691	-1.25133578922445	-4.5	-4.5	ENC_45420	BN373_05011	ERS227112_02355	ROD_00221	SL1344_0046	SL3261_0046	STMMW_00461	STM_MW00461	SEN0045	t0047	EC958_0157	NCTC13441_03967	BW25113_0025	b0025	1	1	1	1	1	1	1	1	1	1	1	1	1	1	1	1	1	1	1	1	1	1	1	1	1	1	1	1
ubiA	4-hydroxybenzoate octaprenyltransferase	-2.43441037103315	-0.132122705437115	-1.14182001334504	-0.405307133243151	-2.41450734582747	-4.5	-2.32233548477546	-4.5	-1.26134342124797	-4.5	-0.837491735392305	-2.12527184214378	-1.54216604720417	-4.5	ENC_04710	BN373_00351	ERS227112_01900	ROD_37061	SL1344_4171	SL3261_4171	STMMW_41841	STM_MW41841	SEN4003	t4140	EC958_4496	NCTC13441_04446	BW25113_4040	b4040	1	1	1	1	1	1	1	1	1	1	1	1	1	1	1	1	1	1	1	1	1	1	1	1	1	1	1	1
hemC	hydroxymethylbilane synthase	-4.5	-4.5	-4.5	-4.5	-2.6059878814477	-4.5	-1.20505602085463	-4.5	-1.55791449351483	-4.5	-2.74268391625828	-4.5	-4.5	-4.5	ENC_02030	BN373_49291	ERS227112_01776	ROD_39461	SL1344_3893	SL3261_3893	STMMW_39091	STM_MW39091	SEN3739	t3359	EC958_4266	NCTC13441_04715	BW25113_3805	b3805	1	1	1	1	1	1	1	1	1	1	1	1	1	1	1	1	1	1	1	1	1	1	1	1	1	1	1	1
cdsA	Phosphatidate cytidylyltransferase	-4.5	-4.5	-4.5	-4.5	-2.1003997398066	-4.5	-1.2604585042736	-1.21277786741676	-2.55858347428106	-4.5	-4.5	-1.65113037450855	-4.5	-4.5	ENC_581added	BN373_06801	ERS227112_02530	ROD_01781	SL1344_0223	SL3261_0223	STMMW_02281	STM_MW02281	SEN0229	t0223	EC958_0321	NCTC13441_03801	BW25113_0175	b0175	1	1	1	2	1	1	1	1	1	1	1	1	2	2	1	1	1	1	1	1	1	1	1	1	1	1	1	1
tsf	translation elongation factor Ts (EF-Ts)	-4.5	-1.091996724914	-4.5	-4.5	-4.5	-4.5	-4.5	-4.5	-0.597143438872992	-4.5	-2.13478260871853	-4.5	-4.5	-4.5	ENC_46930	BN373_06751	ERS227112_02525	ROD_01731	SL1344_0218	SL3261_0218	STMMW_02231	STM_MW02231	SEN0224	t0218	EC958_0316	NCTC13441_03807	BW25113_0170	b0170	1	1	1	1	1	1	1	1	1	1	1	1	1	1	1	1	1	1	1	1	1	1	1	1	1	1	1	1
lpxK	lipid-A-disaccharide kinase	-1.28480120096277	-4.5	-4.5	-4.5	-1.57585842263423	-1.87336358221728	-4.5	-4.5	-2.40669697577099	-4.5	-2.03879875945092	-4.5	-4.5	-4.5	ENC_17680	BN373_15581	ERS227112_03430	ROD_09831	SL1344_0922	SL3261_0922	STMMW_09961	STM_MW09961	SEN0889	t1949	EC958_1125	NCTC13441_02974	BW25113_0915	b0915	1	1	1	1	1	1	1	1	1	1	1	1	1	1	1	1	1	1	1	1	1	1	1	1	1	1	1	1
murI	Glutamate racemase	-1.51338826248949	-1.57401963734891	-2.33046778951562	-1.10409603904611	-0.924823736629065	-1.47025361536954	-4.5	-0.74159037113689	-0.809779810496375	-0.568357637629023	-1.4272734702016	-2.0771609573612	-1.70667023229163	-4.5	ENC_11added	BN373_48901	ERS227112_00325	ROD_37781	SL1344_4080	SL3261_4080	STMMW_40951	STM_MW40951	SEN3925	t3494	EC958_4455	NCTC13441_04528	BW25113_3967	b3967	1	1	1	1	1	1	1	1	1	1	1	1	1	1	1	1	1	1	1	1	1	1	1	1	1	1	1	1
holB	DNA polymerase III, delta prime subunit	-4.5	-4.5	-1.61365664042327	-1.67348542930004	-4.5	-0.929543538666035	-1.5210699068839	-4.5	-4.5	-4.5	-4.5	-1.61569144172515	-0.356802051297443	-4.5	ENC_15390	BN373_17111	ERS227112_03575	ROD_11611	SL1344_1138	SL3261_1138	STMMW_12101	STM_MW12101	SEN1848	t1719	EC958_1295	NCTC13441_02813	BW25113_1099	b1099	1	1	1	1	1	1	1	1	1	1	1	1	1	1	1	1	1	1	1	1	1	1	1	1	1	1	1	1
trmD	tRNA (Guanine37-N(1)-) methyltransferase	-4.5	-4.5	-4.5	-4.5	-4.5	-4.5	-4.5	-4.5	-0.527800284252675	-4.5	-4.5	-4.5	-4.5	-4.5	ENC_28060	BN373_35841	ERS227112_01713	ROD_25571	SL1344_2647	SL3261_2647	STMMW_26881	STM_MW26881	SEN2595	t2629	EC958_2909	NCTC13441_01134	BW25113_2607	b2607	1	1	1	1	1	1	1	1	1	1	1	1	1	1	1	1	1	1	1	1	1	1	1	1	1	1	1	1
lpxA	Acyl-[acyl-carrier-protein]--UDP-N- acetylglucosamine O-acyltransferase	-4.5	-4.5	-4.5	-4.5	-4.5	-4.5	-0.769766014491228	-4.5	-1.09657031095422	-4.5	-4.5	-4.5	-4.5	-4.5	ENC_583added	BN373_06861	ERS227112_02536	ROD_01841	SL1344_0229	SL3261_0229	STMMW_02341	STM_MW02341	SEN0235	t0229	EC958_0327	NCTC13441_03795	BW25113_0181	b0181	1	1	1	1	1	1	1	1	1	1	1	1	1	1	1	1	1	1	1	1	1	1	1	1	1	1	1	1
fabI	Enoyl-[acyl-carrier-protein] reductase [NADH]	-4.5	-0.584756796397919	-4.5	-4.5	-4.5	-4.5	-1.0010554350302	-4.5	-4.5	-4.5	-4.5	-4.5	-4.5	-4.5	ENC_08530	BN373_19101	ERS227112_05444	ROD_17111	SL1344_1631	SL3261_1631	STMMW_16961	STM_MW16961	SEN1332	t1613	EC958_1622	NCTC13441_02474	BW25113_1288	b1288	1	1	1	1	1	1	1	1	1	1	1	1	1	1	1	1	1	1	1	1	1	1	1	1	1	1	1	1
ftsQ	Cell division septal protein	-1.1885159835875	-0.483496790783012	-1.78576379333713	-4.5	-1.45707304015996	-2.07483922868647	-0.881473737284553	-4.5	-0.492270336058164	-4.5	-2.2537040453533	-4.5	-4.5	-4.5	ENC_46050	BN373_05861	ERS227112_02434	ROD_00991	SL1344_0131	SL3261_0131	STMMW_01371	STM_MW01371	SEN0132	t0135	EC958_0233	NCTC13441_03892	BW25113_0093	b0093	1	1	1	1	1	1	1	1	1	1	1	1	1	1	1	1	1	1	1	1	1	1	1	1	1	1	1	1
zipA	cell division protein ZipA	-4.5	-4.5	-4.5	-4.5	-4.5	-4.5	-4.5	-0.904720111146624	-1.32101778909032	-4.5	-1.4218342417003	-4.5	-4.5	-4.5	ENC_38420	BN373_34171	ERS227112_03820	ROD_23711	SL1344_2391	SL3261_2391	STMMW_24471	STM_MW24471	SEN2409	t0429	EC958_5025	NCTC13441_01306	BW25113_2412	b2412	1	1	1	1	1	1	1	1	1	1	1	1	1	1	1	1	1	1	1	1	1	1	1	1	1	1	1	1
rpsB	SSU ribosomal protein S2P	-1.79827590099883	-4.5	-4.5	-1.36618315383077	-4.5	-4.5	-4.5	-4.5	-1.68749755893249	-4.5	-1.1170978367375	-4.5	-4.5	-4.5	ENC_46920	BN373_06741	ERS227112_02524	ROD_01721	SL1344_0217	SL3261_0217	STMMW_02221	STM_MW02221	SEN0223	t0217	EC958_0315	NCTC13441_03808	BW25113_0169	b0169	1	1	1	1	1	1	1	1	1	1	0	1	1	1	1	1	1	1	1	1	1	1	1	1	1	1	1	1
pyrH	uridylate kinase	-4.5	-4.5	-4.5	-4.5	-4.5	-4.5	-1.78570567970082	-4.5	-1.28545846871936	-4.5	-4.5	-1.61750608716829	-4.5	-4.5	ENC_46940	BN373_06761	ERS227112_02526	ROD_01741	SL1344_0219	SL3261_0219	STMMW_02241	STM_MW02241	SEN0225	t0219	EC958_0317	NCTC13441_03806	BW25113_0171	b0171	1	1	1	1	1	1	1	1	1	1	1	1	1	1	1	1	1	1	1	1	1	1	1	1	1	1	1	1
rpsC	SSU ribosomal protein S3P	-2.0522415226197	-4.5	-4.5	-1.56839597756631	-1.45434028469782	-4.5	-4.5	-1.14874668826798	-1.32341028389466	-4.5	-2.13790737195828	-4.5	-4.5	-4.5	ENC_25280	BN373_43501	ERS227112_00873	ROD_45081	SL1344_3401	SL3261_3401	STMMW_34261	STM_MW34261	SEN3262	t4071	EC958_3707	NCTC13441_00381	BW25113_3314	b3314	1	1	1	1	1	1	1	1	1	1	1	1	1	1	1	1	1	1	1	1	1	1	1	1	1	1	1	1
uppS	Undecaprenyl pyrophosphate synthetase	-4.5	-0.999506366575928	-1.74978636377389	-4.5	-1.97892774636909	-4.5	-1.13871416691115	-4.5	-0.826144053681589	-4.5	-4.5	-1.66496037468486	-1.12565999163818	-4.5	ENC_46970	BN373_06791	ERS227112_02529	ROD_01771	SL1344_0222	SL3261_0222	STMMW_02271	STM_MW02271	SEN0228	t0222	EC958_0320	NCTC13441_03803	BW25113_0174	b0174	1	1	1	1	1	1	1	1	1	1	1	1	1	1	1	1	1	1	1	1	1	1	1	1	1	1	1	1
lptB	ABC-type (unclassified) transport system, ATPase component	-4.5	-1.27117219934664	-4.5	-1.62893140028142	-4.5	-2.15394432395015	-1.2477665122768	-4.5	-1.0499903172732	-4.5	-0.562498781899851	-4.5	-4.5	-4.5	ENC_34380	BN373_42611	ERS227112_00987	ROD_46191	SL1344_3291	SL3261_3291	STMMW_33181	STM_MW33181	SEN3152	t3236	EC958_3601	NCTC13441_00491	BW25113_3201	b3201	54	91	87	58	45	45	45	44	45	45	55	56	50	50	1	1	1	1	1	1	1	1	1	1	1	1	1	1
dnaC	replicative DNA helicase loader DnaC	-4.5	-0.517331381833614	-4.5	-4.5	-2.11215864308991	-2.1078170598402	-4.5	-1.2437903077244	-0.745612016754151	-1.94204921138042	-4.5	-4.5	-4.5	-4.5	ENC_44790	BN373_04391	ERS227112_02289	ROD_48601	SL1344_4474	SL3261_4474	STMMW_44891	STM_MW44891	SEN4308	t4586	EC958_0091	NCTC13441_04035	BW25113_4361	b4361	1	1	2	1	2	2	2	2	1	2	8	9	2	2	1	1	1	1	1	1	1	1	1	1	1	1	1	1
fabG	3-oxoacyl-[acyl-carrier-protein] reductase	-4.5	-0.502209631022224	-4.5	-4.5	-4.5	-4.5	-0.528745569119995	-4.5	-2.05923012748195	-4.5	-0.950195237162194	-4.5	-4.5	-4.5	ENC_15460	BN373_17051	ERS227112_03569	ROD_11551	SL1344_1132	SL3261_1132	STMMW_12041	STM_MW12041	SEN1854	t1725	EC958_1289	NCTC13441_02819	BW25113_1093	b1093	20	35	32	18	11	11	11	11	12	10	17	17	14	14	1	1	1	1	1	1	1	1	1	1	1	1	1	1
mukE	Uncharacterized protein involved in chromosome partitioning	-4.5	-4.5	-4.5	-4.5	-1.94587968431057	-4.5	-1.46466240779225	-4.5	-1.39019487591927	-4.5	-1.73931362999908	-4.5	-4.5	-4.5	ENC_17590	BN373_15661	ERS227112_03438	ROD_09911	SL1344_0930	SL3261_0930	STMMW_10041	STM_MW10041	SEN0897	t1941	EC958_1134	NCTC13441_02966	BW25113_0923	b0923	1	1	1	1	1	1	1	1	1	1	1	1	1	1	1	1	1	1	1	1	1	1	1	1	1	1	1	1
plsC	1-acyl-sn-glycerol-3-phosphate acyltransferase	-2.02669614262339	-4.5	-4.5	-0.522067816393883	-2.09048983219356	-4.5	-1.97022267648279	-4.5	-1.13299709117018	-4.5	-4.5	-1.70216349094949	-4.5	-4.5	ENC_32530	BN373_40881	ERS227112_01172	ROD_35641	SL1344_3147	SL3261_3147	STMMW_31331	STM_MW31331	SEN3016	t3094	EC958_3416	NCTC13441_00683	BW25113_3018	b3018	1	1	1	1	1	1	1	1	1	1	1	1	1	1	1	1	1	1	1	1	1	1	1	1	1	1	1	1
lolD	lipoprotein releasing system, ATP-binding protein	-4.5	-4.5	-4.5	-4.5	-1.72358504847829	-4.5	-1.11328153314068	-4.5	-1.29346533132711	-4.5	-0.887096140461744	-4.5	-4.5	-4.5	ENC_15210	BN373_17281	ERS227112_03592	ROD_11841	SL1344_1155	SL3261_1155	STMMW_12271	STM_MW12271	SEN1831	t1702	EC958_1314	NCTC13441_02795	BW25113_1117	b1117	54	91	87	58	45	45	45	44	45	45	55	56	50	50	1	1	1	1	1	1	1	1	1	1	1	1	1	1
adk	Adenylate kinase	-4.5	-4.5	-4.5	-4.5	-4.5	-4.5	-0.606314790636392	-0.285600081293395	-0.504164056608111	-4.5	-4.5	-4.5	-4.5	-4.5	ENC_22520	BN373_09441	ERS227112_02809	ROD_05321	SL1344_0481	SL3261_0481	STMMW_05581	STM_MW05581	SEN0469	t2372	EC958_0613	NCTC13441_03504	BW25113_0474	b0474	1	1	1	1	1	1	1	1	1	1	1	1	1	1	1	1	1	1	1	1	1	1	1	1	1	1	1	1
lpxH	UDP-2,3-diacylglucosamine hydrolase	-4.5	-4.5	-4.5	-4.5	-1.21031123970497	-4.5	-4.5	-4.5	-0.487261110558007	-4.5	-4.5	-4.5	-4.5	-4.5	ENC_271added	BN373_09691	ERS227112_02831	ROD_05561	SL1344_0528	SL3261_0528	STMMW_06031	STM_MW06031	SEN0516	t2326	EC958_0663	NCTC13441_03451	BW25113_0524	b0524	1	1	1	1	1	1	1	1	1	1	1	1	1	1	1	1	1	1	1	1	1	1	1	1	1	1	1	1
yeaZ	Inactive homolog of metal-dependent proteases, putative molecular chaperone	-4.5	-4.5	-4.5	-4.5	-4.5	-4.5	-4.5	-4.5	-1.95297607322533	-4.5	-0.783434060315979	-4.5	-0.461870221294858	-4.5	ENC_06900	BN373_29071	ERS227112_04342	ROD_18461	SL1344_1749	SL3261_1749	STMMW_18121	STM_MW18121	SEN1217	t1057	EC958_2025	NCTC13441_02079	BW25113_1807	b1807	1	1	1	1	1	1	1	1	1	1	1	1	1	1	1	1	1	1	1	1	1	1	1	1	1	1	1	1
ribB	3,4-dihydroxy-2-butanone 4-phosphate synthase	-4.5	-4.5	-4.5	-0.805578054221674	-4.5	-4.5	-1.83732141987756	-1.11074108743517	-0.99781489912995	-4.5	-2.2153064271896	-4.5	-4.5	-4.5	ENC_32880	BN373_41061	ERS227112_01154	ROD_35901	SL1344_3168	SL3261_3168	STMMW_31561	STM_MW31561	SEN3037	t3115	EC958_3451	NCTC13441_00647	BW25113_3041	b3041	1	1	1	1	1	1	1	1	1	1	1	1	1	1	1	1	1	1	1	1	1	1	1	1	1	1	1	1
rpsD	30S ribosomal protein S4	-1.91924202935795	-0.430866217724202	-4.5	-4.5	-1.32255403283674	-1.38503384323095	-4.5	-4.5	-1.20061544692033	-4.5	-1.31876296804207	-1.6599213711714	-4.5	-4.5	ENC_304added	BN373_43331	ERS227112_00889	ROD_45251	SL1344_3383	SL3261_3383	STMMW_34091	STM_MW34091	SEN3244	t4089	EC958_5072	NCTC13441_00399	BW25113_3296	b3296	1	1	1	1	1	1	1	1	1	1	2	1	1	1	1	1	1	1	1	1	1	1	1	1	1	1	1	1
lolA	periplasmic chaperone LolA	-4.5	-4.5	-4.5	-4.5	-4.5	-4.5	-1.30264156228485	-4.5	-0.143068923001568	-4.5	-4.5	-4.5	-4.5	-4.5	ENC_17900	BN373_15391	ERS227112_03410	ROD_09551	SL1344_0899	SL3261_0899	STMMW_09731	STM_MW09731	SEN0866	t1973	EC958_1003	NCTC13441_03102	BW25113_0891	b0891	1	0	0	0	0	0	0	0	0	0	0	0	0	0	1	1	1	1	1	1	1	1	1	1	1	1	1	1
gmk	guanylate kinase	-2.06344957912243	-1.25013368734136	-4.5	-4.5	-1.08162460797212	-4.5	-1.06698407370273	-4.5	-1.42979168643451	-1.04493767161296	-1.69543868828884	-4.5	-4.5	-4.5	ENC_02720	BN373_46381	ERS227112_00583	ROD_41681	SL1344_3706	SL3261_3706	STMMW_37291	STM_MW37291	SEN3562	t3778	EC958_4055	NCTC13441_00036	BW25113_3648	b3648	1	1	1	1	1	1	1	1	1	1	1	1	1	1	1	1	1	1	1	1	1	1	1	1	1	1	1	1
rplD	LSU ribosomal protein L4P	-4.5	-4.5	-4.5	-4.5	-1.31021477869899	-2.06372949044007	-0.800480587965363	-1.00466872225396	-0.328966149143398	-4.5	-4.5	-4.5	-4.5	-4.5	ENC_25330	BN373_43551	ERS227112_00868	ROD_45031	SL1344_3406	SL3261_3406	STMMW_34311	STM_MW34311	SEN3267	t4066	EC958_3712	NCTC13441_00376	BW25113_3319	b3319	1	1	1	1	1	1	1	1	1	1	1	1	1	1	1	1	1	1	1	1	1	1	1	1	1	1	1	1
ribA	GTP cyclohydrolase II	-4.5	-4.5	-4.5	-4.5	-1.44933754355054	-0.805876823423594	-4.5	-4.5	-0.713672387435743	-4.5	-1.34176834318078	-4.5	-4.5	-4.5	ENC_08380	BN373_18991	ERS227112_05455	ROD_17231	SL1344_1643	SL3261_1643	STMMW_17061	STM_MW17061	SEN1322	t1624	EC958_1609	NCTC13441_02486	BW25113_1277	b1277	1	1	1	1	1	1	1	1	1	1	1	1	1	1	1	1	1	1	1	1	1	1	1	1	1	1	1	1
ribE	riboflavin synthase alpha chain	-4.5	-0.368229802364625	-4.5	-4.5	-4.5	-4.5	-0.792592844171326	-4.5	-0.514965525408723	-4.5	-4.5	-4.5	-4.5	-4.5	ENC_13370	BN373_25831	ERS227112_04672	ROD_14071	SL1344_1358	SL3261_1358	STMMW_14291	STM_MW14291	SEN1621	t1294	EC958_1884	NCTC13441_02219	BW25113_1662	b1662	1	1	1	1	1	1	1	1	1	1	1	1	1	1	1	1	1	1	1	1	1	1	1	1	1	1	1	1
pth	Peptidyl-tRNA hydrolase	-4.5	-4.5	-4.5	-4.5	-1.42791905995187	-4.5	-4.5	-4.5	-0.684326048400475	-4.5	-4.5	-4.5	-4.5	-4.5	ENC_66added	BN373_28361	ERS227112_04426	ROD_18091	SL1344_1711	SL3261_1711	STMMW_17751	STM_MW17751	SEN1256	t1093	EC958_1472	NCTC13441_02638	BW25113_1204	b1204	1	1	1	1	1	1	1	1	1	1	1	1	1	1	1	1	1	1	1	1	1	1	1	1	1	1	1	1
nusG	transcription antitermination protein nusG	-4.5	-4.5	-4.5	-1.34693216315098	-2.08681799473507	-4.5	-1.97558684840618	-4.5	-1.19548061026947	-4.5	-4.5	-4.5	-4.5	-4.5	ENC_01440	BN373_49751	ERS227112_01829	ROD_37701	SL1344_4087	SL3261_4087	STMMW_41011	STM_MW41011	SEN3932	t3479	EC958_5093	NCTC13441_04514	BW25113_3982	b3982	1	1	1	1	1	1	1	1	1	1	1	1	1	1	1	1	1	1	1	1	1	1	1	1	1	1	1	1
engB	putative GTP-binding protein EngB	-1.87305570780545	-4.5	-4.5	-1.60402564043933	-1.45096276230488	-1.14214746963399	-2.12354429014732	-4.5	-0.915131175124722	-4.5	-1.5431516592614	-1.68930879690398	-1.53857441765851	-4.5	ENC_2added	BN373_48051	ERS227112_00412	ROD_38961	SL1344_3948	SL3261_3948	STMMW_39651	STM_MW39651	SEN3789	t3620	EC958_4343	NCTC13441_04636	BW25113_3865	b3865	1	1	1	1	1	1	1	1	1	1	1	1	1	1	1	1	1	1	1	1	1	1	1	1	1	1	1	1
tmk	thymidylate kinase	-4.5	-4.5	-4.5	-4.5	-4.5	-1.17651140430232	-1.07523220797411	-4.5	-1.22590892593611	-4.5	-1.50503629188126	-4.5	-4.5	-4.5	ENC_15400	BN373_17101	ERS227112_03574	ROD_11601	SL1344_1137	SL3261_1137	STMMW_12091	STM_MW12091	SEN1849	t1720	EC958_1294	NCTC13441_02814	BW25113_1098	b1098	1	1	1	1	1	1	1	1	1	1	1	1	1	1	1	1	1	1	1	1	1	1	1	1	1	1	1	1
fldA	flavodoxin, long chain	-4.5	-4.5	-4.5	-4.5	-4.5	-4.5	-0.445606972728064	-4.5	-0.28680981147745	-4.5	-0.499302062894311	-4.5	-4.5	-4.5	ENC_20420	BN373_12781	ERS227112_03148	ROD_06921	SL1344_0676	SL3261_0676	STMMW_07521	STM_MW07521	SEN0658	t2181	EC958_0802	NCTC13441_03307	BW25113_0684	b0684	2	2	2	2	2	2	2	2	2	2	2	2	2	2	1	1	1	1	1	1	1	1	1	1	1	1	1	1
rplE	Ribosomal protein L5	-4.5	-4.5	-4.5	-4.5	-1.18852020932579	-4.5	-4.5	-4.5	-0.772576181431869	-4.5	-4.5	-4.5	-4.5	-4.5	ENC_25220	BN373_43441	ERS227112_00879	ROD_45141	SL1344_3395	SL3261_3395	STMMW_34211	STM_MW34211	SEN3256	t4077	EC958_3701	NCTC13441_00387	BW25113_3308	b3308	1	1	1	1	1	1	1	1	1	1	1	1	1	1	1	1	1	1	1	1	1	1	1	1	1	1	1	1
ppa	Inorganic pyrophosphatase	-4.5	-4.5	-4.5	-1.26256071315933	-1.7909372213227	-1.81802868949949	-0.507330226269971	-0.855527417872685	-0.344585424426744	-4.5	-4.5	-1.50640509586549	-4.5	-4.5	ENC_43340	BN373_02321	ERS227112_02097	ROD_32861	SL1344_4347	SL3261_4347	STMMW_43581	STM_MW43581	SEN4183	t4468	EC958_4720	NCTC13441_04220	BW25113_4226	b4226	1	2	2	2	1	1	1	1	1	1	1	1	1	1	1	1	1	1	1	1	1	1	1	1	1	1	1	1
pgsA	CDP-diacylglycerol--glycerol-3-phosphate 3-phosphatidyltransferase	-4.5	-4.5	-4.5	-4.5	-4.5	-4.5	-4.5	-4.5	-1.79589289773486	-4.5	-4.5	-4.5	-4.5	-4.5	ENC_47added	BN373_29931	ERS227112_04251	ROD_19671	SL1344_1875	SL3261_1875	STMMW_19241	STM_MW19241	SEN1061	t0931	EC958_2179	NCTC13441_01912	BW25113_1912	b1912	1	1	1	1	1	1	1	1	1	1	1	1	1	1	1	1	1	1	1	1	1	1	1	1	1	1	1	1
nadD	nicotinate-nucleotide adenylyltransferase	-4.5	-4.5	-4.5	-1.20055814055907	-1.77447158615534	-4.5	-4.5	-4.5	-1.2452730783893	-4.5	-1.62467982206261	-1.13810094761748	-4.5	-4.5	ENC_20710	BN373_12511	ERS227112_03113	ROD_06591	SL1344_0633	SL3261_0633	STMMW_07101	STM_MW07101	SEN0614	t2222	EC958_0758	NCTC13441_03356	BW25113_0639	b0639	1	1	1	1	1	1	1	1	1	1	1	1	1	1	1	1	1	1	1	1	1	1	1	1	1	1	1	1
rplF	LSU ribosomal protein L6P	-4.5	-4.5	-4.5	-1.29783279691193	-4.5	-1.24132236672971	-0.667381431947655	-4.5	-1.45834909746488	-4.5	-1.86596057727353	-4.5	-4.5	-4.5	ENC_25190	BN373_43411	ERS227112_00882	ROD_45171	SL1344_3392	SL3261_3392	STMMW_34181	STM_MW34181	SEN3253	t4080	EC958_3698	NCTC13441_00390	BW25113_3305	b3305	1	1	1	1	1	1	1	1	1	1	1	1	1	1	1	1	1	1	1	1	1	1	1	1	1	1	1	1
frr	Ribosome-recycling factor	-0.870882695732071	-0.670323827798032	-4.5	-1.10785624116139	-4.5	-4.5	-4.5	-4.5	-0.738689985485598	-1.23113128785104	-0.615173842956905	-4.5	-4.5	-4.5	ENC_580added	BN373_06771	ERS227112_02527	ROD_01751	SL1344_0220	SL3261_0220	STMMW_02251	STM_MW02251	SEN0226	t0220	EC958_0318	NCTC13441_03805	BW25113_0172	b0172	1	1	1	1	1	1	1	1	1	1	1	1	1	1	1	1	1	1	1	1	1	1	1	1	1	1	1	1
lptA	lipopolysaccharide transport periplasmic protein LptA	-4.5	-0.98668431511111	-4.5	-4.5	-1.83736953298757	-1.88588347614054	-1.67277358542012	-4.5	-0.222794465234987	-4.5	-4.5	-4.5	-4.5	-4.5	ENC_34370	BN373_42601	ERS227112_00988	ROD_46201	SL1344_3290	SL3261_3290	STMMW_33171	STM_MW33171	SEN3151	t3235	EC958_3600	NCTC13441_00492	BW25113_3200	b3200	1	1	1	1	1	1	1	1	1	1	1	1	1	1	1	1	1	1	1	1	1	1	1	1	1	1	1	1
rpsE	ribosomal protein S5, bacterial/organelle type	-4.5	-4.5	-1.58458613546294	-1.23895927944367	-1.11981219762701	-4.5	-1.01259733183687	-4.5	-0.706313151523362	-4.5	-4.5	-4.5	-4.5	-4.5	ENC_25170	BN373_43391	ERS227112_00884	ROD_45191	SL1344_3390	SL3261_3390	STMMW_34161	STM_MW34161	SEN3251	t4082	EC958_3696	NCTC13441_00392	BW25113_3303	b3303	1	1	1	1	1	1	1	1	1	1	1	1	1	1	1	1	1	1	1	1	1	1	1	1	1	1	1	1
ispF	2C-methyl-D-erythritol 2,4-cyclodiphosphate synthase	-1.71165297464521	-4.5	-4.5	-1.23766679598092	-4.5	-1.51437823705013	-1.39562691409617	-4.5	-1.87981524920628	-4.5	-4.5	-1.10174851902895	-4.5	-4.5	ENC_30010	BN373_37521	ERS227112_01552	ROD_30631	SL1344_2908	SL3261_2908	STMMW_28921	STM_MW28921	SEN2768	t2830	EC958_3017	NCTC13441_01027	BW25113_2746	b2746	1	1	1	1	1	1	1	1	1	1	1	1	1	1	1	1	1	1	1	1	1	1	1	1	1	1	1	1
lspA	signal peptidase II . Aspartic peptidase. MEROPS family A08	-4.5	-4.5	-4.5	-4.5	-1.7037521625821	-1.66356671885415	-0.862064973755385	-4.5	-0.450149992573196	-4.5	-4.5	-4.5	-4.5	-4.5	ENC_45440	BN373_05031	ERS227112_02357	ROD_00241	SL1344_0048	SL3261_0048	STMMW_00481	STM_MW00481	SEN0047	t0049	EC958_0159	NCTC13441_03965	BW25113_0027	b0027	1	1	1	1	1	1	1	1	1	1	1	1	1	1	1	1	1	1	1	1	1	1	1	1	1	1	1	1
coaE	dephospho-CoA kinase	-4.5	-4.5	-4.5	-4.5	-1.15517759100666	-1.77071153824269	-0.986298589150042	-4.5	-0.349918933990303	-4.5	-1.94604606942999	-4.5	-4.5	-4.5	ENC_46140	BN373_05951	ERS227112_02443	ROD_01081	SL1344_0140	SL3261_0140	STMMW_01461	STM_MW01461	SEN0144	t0146	EC958_0243	NCTC13441_03883	BW25113_0103	b0103	1	1	1	1	1	1	1	1	1	1	1	1	1	1	1	1	1	1	1	1	1	1	1	1	1	1	1	1
rplJ	LSU ribosomal protein L10P	-4.5	-1.02084595538193	-4.5	-1.25690941428015	-4.5	-4.5	-4.5	-4.5	-2.20180193981005	-4.5	-4.5	-4.5	-1.12716245332035	-4.5	ENC_01410	BN373_49781	ERS227112_01832	ROD_37671	SL1344_4090	SL3261_4090	STMMW_41041	STM_MW41041	SEN3935	t3476	EC958_5096	NCTC13441_04511	BW25113_3985	b3985	1	1	1	1	1	1	1	1	1	1	1	1	1	1	1	1	1	1	1	1	1	1	1	1	1	1	1	1
rpsG	SSU ribosomal protein S7P	-4.5	-0.854743803153777	-4.5	-1.16878741947649	-4.5	-4.5	-4.5	-4.5	-0.924379110198618	-4.5	-1.75021340339382	-4.5	-4.5	-4.5	ENC_25400	BN373_43631	ERS227112_00860	ROD_44781	SL1344_3414	SL3261_3414	STMMW_34391	STM_MW34391	SEN3275	t4058	EC958_3737	NCTC13441_00354	BW25113_3341	b3341	1	1	1	1	1	1	1	1	1	1	1	1	1	1	1	1	1	1	1	1	1	1	1	1	1	1	1	1
fabZ	3-hydroxyacyl-[acyl-carrier-protein] dehydratase FabZ	-4.5	-4.5	-4.5	-4.5	-4.5	-4.5	-4.5	-0.586202260257388	-1.24180832342147	-4.5	-4.5	-4.5	-4.5	-4.5	ENC_582added	BN373_06851	ERS227112_02535	ROD_01831	SL1344_0228	SL3261_0228	STMMW_02331	STM_MW02331	SEN0234	t0228	EC958_0326	NCTC13441_03796	BW25113_0180	b0180	1	1	1	1	1	1	1	1	1	1	1	1	1	1	1	1	1	1	1	1	1	1	1	1	1	1	1	1
ribH	6,7-dimethyl-8-ribityllumazine synthase	-4.5	-4.5	-4.5	-4.5	-4.5	-1.3059341692301	-4.5	-4.5	-4.5	-4.5	-0.232243560631184	-4.5	-4.5	-4.5	ENC_23440	BN373_08561	ERS227112_02718	ROD_04641	SL1344_0411	SL3261_0411	STMMW_04871	STM_MW04871	SEN0399	t2446	EC958_0553	NCTC13441_03564	BW25113_0415	b0415	1	1	1	1	1	1	1	1	1	1	1	1	1	1	1	1	1	1	1	1	1	1	1	1	1	1	1	1
hemG	Protoporphyrinogen IX dehydrogenase [menaquinone]	-0.503350114732375	-4.5	-1.31120124884721	-1.52389094501358	-1.35698168523576	-1.45057577047671	-0.645593586984681	-1.28927424518386	-0.633430163908815	-4.5	-2.15182348359147	-4.5	-0.694635869579388	-4.5	ENC_586added	BN373_49691	ERS227112_01816	ROD_39051	SL1344_3940	SL3261_3940	STMMW_39571	STM_MW39571	SEN3781	t3311	EC958_4330	NCTC13441_04651	BW25113_3850	b3850	1	1	1	1	1	1	1	1	1	1	1	1	1	1	1	1	1	1	1	1	1	1	1	1	1	1	1	1
rplM	LSU ribosomal protein L13P	-4.5	-4.5	-4.5	-1.24764497931359	-1.59621797115657	-1.65175006306791	-4.5	-0.610214618990547	-0.120045611688848	-4.5	-1.78400816815591	-4.5	-4.5	-4.5	ENC_34740	BN373_42801	ERS227112_00967	ROD_45921	SL1344_3317	SL3261_3317	STMMW_33441	STM_MW33441	SEN3178	t3261	EC958_3623	NCTC13441_00468	BW25113_3231	b3231	1	1	1	1	1	1	1	1	1	1	1	1	1	1	1	1	1	1	1	1	1	1	1	1	1	1	1	1
dut	deoxyuridine 5'-triphosphate nucleotidohydrolase	-4.5	-4.5	-4.5	-4.5	-1.17531618019713	-4.5	-0.243992657267599	-4.5	-0.1446997781178	-4.5	-4.5	-4.5	-4.5	-4.5	ENC_02590	BN373_46231	ERS227112_00597	ROD_41751	SL1344_3697	SL3261_3697	STMMW_37201	STM_MW37201	SEN3553	t3787	EC958_4048	NCTC13441_00043	BW25113_3640	b3640	1	1	1	1	1	1	1	1	1	1	1	1	1	1	1	1	1	1	1	1	1	1	1	1	1	1	1	1
tsaE	conserved hypothetical nucleotide-binding protein	-1.34551864097634	-4.5	-4.5	-4.5	-4.5	-4.5	-4.5	-4.5	-0.188026280472257	-4.5	-1.69416399021412	-1.38784200414952	-4.5	-4.5	ENC_42670	BN373_01761	ERS227112_02044	ROD_32281	SL1344_4291	SL3261_4291	STMMW_43021	STM_MW43021	SEN4124	t4408	EC958_4655	NCTC13441_04285	BW25113_4168	b4168	1	1	1	1	1	1	1	1	1	1	1	1	1	1	1	1	1	1	1	1	1	1	1	1	1	1	1	1
lptE	LPS-assembly lipoprotein LptE precursor	-4.5	-4.5	-1.01525628226188	-4.5	-1.69246698470629	-4.5	-0.582820918414164	-4.5	-1.16128041492738	-4.5	-4.5	-4.5	-4.5	-4.5	ENC_241added	BN373_12531	ERS227112_03115	ROD_06611	SL1344_0635	SL3261_0635	STMMW_07121	STM_MW07121	SEN0616	t2220	EC958_0760	NCTC13441_03354	BW25113_0641	b0641	1	1	1	1	1	1	1	1	1	1	1	1	1	1	1	1	1	1	1	1	1	1	1	1	1	1	1	1
coaD	Phosphopantetheine adenylyltransferase	-4.5	-4.5	-4.5	-4.5	-4.5	-2.00234454350559	-4.5	-4.5	-2.27632621836778	-4.5	-1.34161166023545	-4.5	-4.5	-4.5	ENC_02530	BN373_46171	ERS227112_00603	ROD_41821	SL1344_3691	SL3261_3691	STMMW_37141	STM_MW37141	SEN3547	t3793	EC958_4042	NCTC13441_00049	BW25113_3634	b3634	1	1	1	1	1	1	1	1	1	1	1	1	1	1	1	1	1	1	1	1	1	1	1	1	1	1	1	1
rplO	LSU ribosomal protein L15P	-4.5	-4.5	-1.43748318041818	-0.398267744886608	-4.5	-4.5	-1.55723056803003	-0.665944869075186	-0.846430889213834	-4.5	-4.5	-4.5	-4.5	-4.5	ENC_25150	BN373_43371	ERS227112_00886	ROD_45211	SL1344_3388	SL3261_3388	STMMW_34141	STM_MW34141	SEN3249	t4084	EC958_3694	NCTC13441_00394	BW25113_3301	b3301	1	1	1	1	1	1	1	1	1	1	1	1	1	1	1	1	1	1	1	1	1	1	1	1	1	1	1	1
rpsK	SSU ribosomal protein S11P	-4.5	-4.5	-4.5	-4.5	-4.5	-4.5	-0.595974474631828	-4.5	-0.98737123957184	-4.5	-4.5	-4.5	-4.5	-4.5	ENC_25120	BN373_43341	ERS227112_00887B	ROD_45241	SL1344_3384	SL3261_3384	STMMW_34101	STM_MW34101	SEN3245	t4088	EC958_3691	NCTC13441_00398	BW25113_3297	b3297	1	1	1	1	1	1	1	1	1	1	1	1	1	1	1	1	1	1	1	1	1	1	1	1	1	1	1	1
rpsL	ribosomal protein S12, bacterial/organelle	-4.5	-4.5	-4.5	-0.94137772383343	-1.53334663244263	-4.5	-0.333399176096858	-4.5	-4.5	-4.5	-1.67117161784452	-4.5	-4.5	-4.5	ENC_25410	BN373_43641	ERS227112_00859	ROD_44771	SL1344_3415	SL3261_3415	STMMW_34401	STM_MW34401	SEN3276	t4057	EC958_3738	NCTC13441_00353	BW25113_3342	b3342	1	1	1	1	1	1	1	1	1	1	1	1	1	1	1	1	1	1	1	1	1	1	1	1	1	1	1	1
yqgF	conserved hypothetical protein TIGR00250	-1.46991736108208	-4.5	-4.5	-4.5	-1.54877305424946	-1.53318841224756	-0.712632910693516	-4.5	-0.568241024966496	-4.5	-4.5	-4.5	-4.5	-4.5	ENC_31990	BN373_40351	ERS227112_01281	ROD_50371	SL1344_3072	SL3261_3072	STMMW_30581	STM_MW30581	SEN2940	t3009	EC958_3235	NCTC13441_00802	BW25113_2949	b2949	1	1	1	1	1	1	1	1	1	1	1	1	1	1	1	1	1	1	1	1	1	1	1	1	1	1	1	1
rpsH	SSU ribosomal protein S8P	-4.5	-4.5	-4.5	-4.5	-1.56732711743357	-4.5	-4.5	-4.5	-1.84538090379511	-4.5	-4.5	-4.5	-4.5	-4.5	ENC_25200	BN373_43421	ERS227112_00881	ROD_45161	SL1344_3393	SL3261_3393	STMMW_34191	STM_MW34191	SEN3254	t4079	EC958_3699	NCTC13441_00389	BW25113_3306	b3306	1	1	1	1	1	1	1	1	1	1	1	1	1	1	1	1	1	1	1	1	1	1	1	1	1	1	1	1
rplQ	LSU ribosomal protein L17P	-4.5	-4.5	-4.5	-4.5	-4.5	-4.5	-0.733827929263287	-4.5	-1.82138677619814	-4.5	-4.5	-4.5	-4.5	-4.5	ENC_25090	BN373_43311	ERS227112_00891	ROD_45271	SL1344_3381	SL3261_3381	STMMW_34071	STM_MW34071	SEN3242	t4091	EC958_3688	NCTC13441_00401	BW25113_3294	b3294	1	1	1	1	1	1	1	1	1	1	1	1	1	1	1	1	1	1	1	1	1	1	1	1	1	1	1	1
rplN	LSU ribosomal protein L14P	-4.5	-4.5	-4.5	-4.5	-4.5	-4.5	-0.714481497190812	-0.514774526377794	-1.09657142792432	-4.5	-1.50504805543587	-4.5	-0.652760797908275	-4.5	ENC_25240	BN373_43461	ERS227112_00877	ROD_45112	SL1344_3397	SL3261_3397	STMMW_34231	STM_MW34231	SEN3258	t4075	EC958_3703	NCTC13441_00385	BW25113_3310	b3310	1	1	1	1	1	1	1	1	1	1	1	1	1	1	1	1	1	1	1	1	1	1	1	1	1	1	1	1
acpS	phosphopantethiene--protein transferase domain	-1.09152834287024	-4.5	-4.5	-4.5	-4.5	-4.5	-0.839595491245093	-4.5	-4.5	-4.5	-4.5	-4.5	-4.5	-4.5	ENC_36980	BN373_35461	ERS227112_00025	ROD_25091	SL1344_2539	SL3261_2539	STMMW_25931	STM_MW25931	SEN2557	t0280	EC958_2869	NCTC13441_01176	BW25113_2563	b2563	1	1	1	1	1	1	1	1	1	1	1	1	1	1	1	1	1	1	1	1	1	1	1	1	1	1	1	1
secE	protein translocase subunit secE/sec61 gamma	-1.42581624195301	-4.5	-4.5	-0.997393742871381	-4.5	-4.5	-1.04422707671591	-4.5	-0.558578898708532	-4.5	-4.5	-1.28807787934529	-4.5	-4.5	ENC_01450	BN373_49741	ERS227112_01828	ROD_37711	SL1344_4086	SL3261_4086	STMMW_41001	STM_MW41001	SEN3931	t3480	EC958_5092	NCTC13441_04515	BW25113_3981	b3981	1	1	1	1	1	1	1	1	1	1	1	1	1	1	1	1	1	1	1	1	1	1	1	1	1	1	1	1
rnpA	Ribonuclease P protein component	-4.5	-0.573106682625888	-4.5	-4.5	-1.62346517321503	-4.5	-0.19049114090678	-4.5	-1.05591432494906	-4.5	-4.5	-4.5	-4.5	-4.5	ENC_34added	BN373_47511	ERS227112_00468B	ROD_40242	SL1344_3807	SL3261_3807	STMMW_38251	STM_MW38251	SEN3657	t3679	EC958_4178	NCTC13441_04812	BW25113_3704	b3704	1	1	1	1	1	1	1	1	1	1	1	1	1	1	1	1	1	1	1	1	1	1	1	1	1	1	1	1
rplR	LSU ribosomal protein L18P	-1.36762404524643	-4.5	-4.5	-4.5	-4.5	-4.5	-0.66309336024406	-4.5	-1.04915830163893	-4.5	-4.5	-4.5	-4.5	-4.5	ENC_25180	BN373_43401	ERS227112_00883	ROD_45181	SL1344_3391	SL3261_3391	STMMW_34171	STM_MW34171	SEN3252	t4081	EC958_3697	NCTC13441_00391	BW25113_3304	b3304	1	1	1	1	1	1	1	1	1	1	1	1	1	1	1	1	1	1	1	1	1	1	1	1	1	1	1	1
erpA	Iron-sulfur cluster assembly accessory protein	-4.5	-4.5	-0.949995541755405	-4.5	-1.19817212735284	-4.5	-0.474340937752634	-4.5	-0.908049791401759	-4.5	-4.5	-4.5	-4.5	-4.5	ENC_46770	BN373_06621	ERS227112_02512	ROD_01601	SL1344_0205	SL3261_0205	STMMW_02101	STM_MW02101	SEN0209	t0205	EC958_0304	NCTC13441_03820	BW25113_0156	b0156	2	2	2	2	1	1	1	1	1	1	2	2	2	2	1	1	1	1	1	1	1	1	1	1	1	1	1	1
rplL	LSU ribosomal protein L12P	-4.5	-0.710475794401228	-4.5	-4.5	-4.5	-4.5	-4.5	-4.5	-0.504569807021375	-4.5	-4.5	-4.5	-4.5	-4.5	ENC_01400	BN373_49791	ERS227112_01833	ROD_37661	SL1344_4091	SL3261_4091	STMMW_41051	STM_MW41051	SEN3936	t3475	EC958_5097	NCTC13441_04510	BW25113_3986	b3986	1	1	1	1	1	1	1	1	1	1	1	1	1	1	1	1	1	1	1	1	1	1	1	1	1	1	1	1
rplV	LSU ribosomal protein L22P	-4.5	-4.5	-4.5	-0.133483044249231	-4.5	-4.5	-4.5	-4.5	-0.987064235835178	-4.5	-4.5	-4.5	-4.5	-4.5	ENC_25290	BN373_43511	ERS227112_00872	ROD_45071	SL1344_3402	SL3261_3402	STMMW_34271	STM_MW34271	SEN3263	t4070	EC958_3708	NCTC13441_00380	BW25113_3315	b3315	1	1	1	1	1	1	1	0	1	1	1	1	1	1	1	1	1	1	1	1	1	1	1	1	1	1	1	1
rplU	LSU ribosomal protein L21P	-1.14119981977694	-4.5	-4.5	-4.5	-4.5	-0.613041961016652	-4.5	-4.5	-0.4991997814685	-4.5	-1.34864772493924	-4.5	-4.5	-4.5	ENC_34230	BN373_42461	ERS227112_01002	ROD_46342	SL1344_3276	SL3261_3276	STMMW_33031	STM_MW33031	SEN3137	t3221	EC958_3586	NCTC13441_00506	BW25113_3186	b3186	1	1	1	1	1	1	1	1	1	1	1	1	1	1	1	1	1	1	1	1	1	1	1	1	1	1	1	1
rplX	LSU ribosomal protein L24P	-4.5	-4.5	-4.5	-4.5	-0.653298992107116	-4.5	-4.5	-4.5	-0.524398179731314	-4.5	-4.5	-4.5	-4.5	-4.5	ENC_25230	BN373_43451	ERS227112_00878	ROD_45131	SL1344_3396	SL3261_3396	STMMW_34221	STM_MW34221	SEN3257	t4076	EC958_3702	NCTC13441_00386	BW25113_3309	b3309	1	1	1	1	1	1	1	1	1	1	1	1	1	1	1	1	1	1	1	1	1	1	1	1	1	1	1	1
rpsJ	ribosomal protein S10, bacterial/organelle	-4.5	-4.5	-4.5	-4.5	-4.5	-1.4041646936165	-0.547189361925277	-4.5	-0.227724157609836	-4.5	-4.5	-4.5	-4.5	-4.5	ENC_25350	BN373_43571	ERS227112_00866	ROD_45011	SL1344_3408	SL3261_3408	STMMW_34331	STM_MW34331	SEN3269	t4064	EC958_3714	NCTC13441_00374	BW25113_3321	b3321	1	1	1	1	1	1	1	1	1	1	1	1	1	1	1	1	1	1	1	1	1	1	1	1	1	1	1	1
rpsN	SSU ribosomal protein S14P	-4.5	-4.5	-4.5	-4.5	-4.5	-4.5	-4.5	-4.5	-0.157778104186666	-4.5	-4.5	-4.5	-4.5	-4.5	ENC_25210	BN373_43431	ERS227112_00880	ROD_45151	SL1344_3394	SL3261_3394	STMMW_34201	STM_MW34201	SEN3255	t4078	EC958_3700	NCTC13441_00388	BW25113_3307	b3307	1	1	1	1	1	1	1	1	1	1	1	1	1	1	1	1	1	1	1	1	1	1	1	1	1	1	1	1
rplW	Ribosomal protein L23	-1.21682491541259	-4.5	-4.5	-0.73044636201279	-4.5	-4.5	-1.20768378604233	-4.5	-1.58395673017478	-4.5	-4.5	-4.5	-4.5	-4.5	ENC_25320	BN373_43541	ERS227112_00869	ROD_45041	SL1344_3405	SL3261_3405	STMMW_34301	STM_MW34301	SEN3266	t4067	EC958_3711	NCTC13441_00377	BW25113_3318	b3318	1	1	1	1	1	1	1	1	1	1	1	1	1	1	1	1	1	1	1	1	1	1	1	1	1	1	1	1
rpsS	SSU ribosomal protein S19P	-4.5	-4.5	-4.5	-4.5	-4.5	-4.5	-1.12846289996599	-4.5	-0.120289633252938	-4.5	-4.5	-4.5	-4.5	-4.5	ENC_25300	BN373_43521	ERS227112_00871	ROD_45061	SL1344_3403	SL3261_3403	STMMW_34281	STM_MW34281	SEN3264	t4069	EC958_3709	NCTC13441_00379	BW25113_3316	b3316	1	1	1	1	1	1	1	1	1	1	1	1	1	1	1	1	1	1	1	1	1	1	1	1	1	1	1	1
groS	Co-chaperonin GroES (HSP10)	-4.5	-4.5	-4.5	-4.5	-4.5	-4.5	-1.0764716393935	-4.5	-1.54014730125634	-4.5	-1.25088288235419	-4.5	-4.5	-4.5	ENC_42390	BN373_01441	ERS227112_02008	ROD_32051	SL1344_4266	SL3261_4266	STMMW_42781	STM_MW42781	SEN4099	t4381	EC958_4631	NCTC13441_04313	BW25113_4142	b4142	1	1	1	1	1	1	1	1	1	1	1	1	1	1	1	1	1	1	1	1	1	1	1	1	1	1	1	1
rpmA	LSU ribosomal protein L27P	-0.954472333307816	-4.5	-4.5	-4.5	-4.5	-4.5	-0.212206595012058	-4.5	-1.41130562272863	-4.5	-4.5	-4.5	-4.5	-4.5	ENC_34220	BN373_42451	ERS227112_01003	ROD_46351	SL1344_3275	SL3261_3275	STMMW_33021	STM_MW33021	SEN3136	t3220	EC958_3585	NCTC13441_00507	BW25113_3185	b3185	1	1	1	1	1	1	1	1	1	1	1	1	1	1	1	1	1	1	1	1	1	1	1	1	1	1	1	1
rpsR	ribosomal protein S18	-4.5	-4.5	-4.5	-0.412987842137619	-4.5	-4.5	-4.5	-4.5	-1.28621408062074	-4.5	-4.5	-4.5	-4.5	-4.5	ENC_43020	BN373_02071	ERS227112_02074	ROD_32571	SL1344_4326	SL3261_4326	STMMW_43371	STM_MW43371	SEN4159	t4444	EC958_4689	NCTC13441_04251	BW25113_4202	b4202	1	1	1	1	1	1	1	1	1	1	1	1	1	1	1	1	1	1	1	1	1	1	1	1	1	1	1	1
