Gene	Product	ENC NPEQ	BN373 NPEQ	ERS227112 NPEQ	ROD NPEQ	SL1344 NPEQ	SL3261 NPEQ	STMMW NPEQ	STM NPEQ	SEN NPEQ	t NPEQ	EC958 NPEQ	NCTC13441 NPEQ	CS17 NPEQ	ETEC NPEQ	BW25113 NPEQ	b NPEQ	ENC locus tag	BN373 locus tag	ERS227112 locus tag	ROD locus tag	SL1344 locus tag	SL3261 locus tag	STMMW locus tag	STM locus tag	SEN locus tag	t locus tag	EC958 locus tag	NCTC13441 locus tag	CS17 locus tag	ETEC locus tag	BW25113 locus tag	b locus tag
accB	acetyl CoA carboxylase, BCCP subunit	1.8472956596	2.4166509381	2.5152237256	2.8294589248	2.3166835138	2.7114103225	2.9965498741	X	2.7551036299	1.5895141464	2.8209962596	2.3905204862	2.2191349424	2.0950458996	1.4596619977	7	ENC_03405	BN373_43051	ERS227112_00942	ROD_45591	SL1344_3352	SL3261_3352	STMMW_33771	X	SEN3213	t3294	EC958_3647	NCTC13441_00446	CS17_03690	ETEC_3514	BW25113_3255	b3255
acrA	multidrug efflux system	X	-0.3364093139	3.2318138833	-0.6892352116	0.4774330194	-0.7918707813	-0.5951362698	-0.1993297054	-0.6182267666	-0.7247720863	0.3469162029	-0.593653766	-1.1461249311	-0.6815814471	-0.7746911294	0	X	BN373_09321	ERS227112_02797	ROD_05181	SL1344_0469	SL3261_0469	STMMW_05461	STM_MW05461	SEN0457	t2384	EC958_0602	NCTC13441_03515	CS17_00495	ETEC_0515	BW25113_0463	b0463
alsK	D-allose kinase	-0.0419195065	X	X	-0.4443514705	X	X	X	X	X	X	-0.5686060171	-0.1613446789	X	-0.3048935169	-0.1493713025	7	ENC_00507	X	X	ROD_34691	X	X	X	X	X	X	EC958_4565	NCTC13441_04379	X	ETEC_4394	BW25113_4084	b4084
apl	phage regulatory protein	X	X	X	X	1.0488221628	0.7603146906	X	X	X	1.6803711184	X	X	X	X	X	X	X	X	X	X	SL1344_2707	SL3261_2707	X	X	X	t4336	X	X	X	X	X	X
bhsA	biofilm, cell surface and signaling protein	X	-0.311166946	0.0332572372	-0.0886678196	-0.5655231913	0.1640888258	-0.1330217786	-0.6956380237	0.2357127959	0.2590962966	0.8141581682	1.0097123423	0.6642450873	1.7134830529	1.6499366259	0	X	BN373_17241	ERS227112_03588	ROD_11761	SL1344_1151	SL3261_1151	STMMW_12231	STM_MW12231	SEN1835	t1706	EC958_1309	NCTC13441_02800	CS17_01250	ETEC_1177	BW25113_1112	b1112
casD	CRISP RNA (crRNA) containing Cascade antiviral complex protein	X	X	X	1.6823479091	-0.584311219	-0.2977064027	-0.5133357811	-1.0909669947	-0.2290889385	-0.4080032669	X	X	-0.2987466582	-0.8655926562	-1.1221758912	0	X	X	X	ROD_30491	SL1344_2919	SL3261_2919	STMMW_29031	STM_MW29031	SEN2779	t2841	X	X	CS17_03082	ETEC_2948	BW25113_2757	b2757
casE	CRISPR RNA precursor cleavage enzyme; CRISP RNA (crRNA) containing Cascade antiviral complex protein	X	X	X	1.8436155923	-0.3485084288	-0.3396158239	-0.4699470866	-0.8218500793	-0.2837108431	0.5939263264	X	X	-0.0276909869	-0.206799712	-0.3310018587	0	X	X	X	ROD_30501	SL1344_2918	SL3261_2918	STMMW_29021	STM_MW29021	SEN2778	t2840	X	X	CS17_03081	ETEC_2947	BW25113_2756	b2756
chpS	antitoxin of the ChpBS toxin-antitoxin system	X	X	X	-0.4752226644	X	X	X	X	X	X	-0.8707119903	-0.9074310298	-0.8890299599	X	-0.890377406	7	X	X	X	ROD_32841	X	X	X	X	X	X	EC958_4718	NCTC13441_04222	CS17_04711	X	BW25113_4224	b4224
cI	helix-turn-helix domain-containing protein	X	X	X	2.3784940731	X	X	X	X	X	X	1.6245044438	2.0650026648	1.3236491822	X	X	X	X	X	X	ROD_36981	X	X	X	X	X	X	EC958_4871	NCTC13441_03048	CS17_02569	X	X	X
citX	apo-citrate lyase phosphoribosyl-dephospho-CoA transferase,2'-(5''-triphosphoribosyl)-3'-dephospho-CoA:apo-citrate lyase,Phosphoribosyl-dephospho-CoA transferase (holo-ACP synthetase),holo-ACP synthase CitX,Apo-citrate lyase phosphoribosyl-dephospho-CoA transferase	X	X	X	-0.3845948701	-0.4119322601	-0.4672432815	-0.446778677	-0.1577400554	-0.3057530812	-0.403027742	-0.1311483192	-0.3657695145	-0.1059765123	0.0207799452	2.1236076162	0	X	X	X	ROD_06291	SL1344_0608	SL3261_0608	STMMW_06851	STM_MW06851	SEN0589	t2247	EC958_0733	NCTC13441_03380	CS17_00621	ETEC_0643	BW25113_0614	b0614
cmk	cytidylate kinase	1.1648584896	2.6270583367	0.6755508817	1.5132924712	1.0008653782	X	0.4767770614	0.7774628739	0.3640933027	0.7693680879	0.6566031924	0.9245841098	0.1192006606	0.8146074656	0.5169986259	0	ENC_01723	BN373_15531	ERS227112_03425	ROD_09781	SL1344_0917	X	STMMW_09911	STM_MW09911	SEN0884	t1954	EC958_1120	NCTC13441_02979	CS17_00973	ETEC_0978	BW25113_0910	b0910
cph2_1	conserved hypothetical protein	0.4267958602	-0.7449383052	-1.5673676409	X	X	X	X	X	X	-0.5442268822	0.4775261749	0.3598531566	1.1189086202	1.1819958848	1.6518744831	0	ENC_01156	BN373_15151	ERS227112_03386	X	X	X	X	X	X	t1011	EC958_1223	NCTC13441_02881	CS17_01087	ETEC_1093	BW25113_1025	b1025
cro	represror Cro,Uncharacterized protein conserved in bacteria, prophage-related	-0.3686407652	X	1.9060617404	X	X	X	0.402426432	1.2285421613	X	X	0.1543418655	0.3766733257	-0.7645282878	X	X	X	ENC_01690	X	ERS227112_05428	X	X	X	STMMW_03551	STM_MW03551	X	X	EC958_1345	NCTC13441_02765	CS17_00790	X	X	X
cspA	RNA chaperone and antiterminator, cold-inducible	0.2295339198	0.1381138354	X	0.3710416773	0.5396969849	0.7909223537	1.0020169962	2.0755199278	1.0770084581	0.4742165149	-0.4409288372	X	X	X	1.1407203953	0	ENC_00156	BN373_45551	X	ROD_42491	SL1344_3615	SL3261_3615	STMMW_36391	STM_MW36391	SEN3472	t3870	EC958_3962	X	X	X	BW25113_3556	b3556
cspI	Qin prophage; cold shock protein	X	X	X	X	0.5783239823	0.4641976494	0.6102408728	2.5353615951	1.3362759649	0.380037436	X	X	X	X	0.6029246164	0	X	X	X	X	SL1344_1924	SL3261_1924	STMMW_19751	STM_MW19751	SEN1014	t0882	X	X	X	X	BW25113_1552	b1552
dicA	Qin prophage; putative regulator for DicB	0.0693312951	X	X	X	3.0182639201	2.5084440987	3.2884181373	2.75335093	X	2.8632481713	2.3777351895	2.6775145775	X	X	2.3382586643	7	ENC_02353	X	X	X	SL1344_0950	SL3261_0950	STMMW_10231	STM_MW10231	X	t1920	EC958_2173	NCTC13441_01922	X	X	BW25113_1570	b1570
dnaB_1	Replicative DNA helicase,replicative DNA helicase,Replicative DNA helicase,phage replicative helicase, DnaB family,DnaB-like helicase C terminal domain	2.8655524453	X	-0.254780285	X	X	X	X	X	X	X	0.4421027245	0.6071051492	X	X	X	X	ENC_02664	X	ERS227112_02853	X	X	X	X	X	X	X	EC958_2169	NCTC13441_01927	X	X	X	X
ecpR	putative transcriptional regulator for the ecp operon	X	1.9661475693	-0.3968259669	X	X	X	X	X	X	X	0.2517130185	-0.16544324	1.4545901444	1.6078432478	0.0313376331	0	X	BN373_07781	ERS227112_02640	X	X	X	X	X	X	X	EC958_0439	NCTC13441_03676	CS17_00339	ETEC_0353	BW25113_0294	b0294
emrY	putative multidrug efflux system	X	X	X	X	X	X	X	X	X	X	0.738666899	0.1222375051	1.9999536832	1.0980834358	0.7870613674	0	X	X	X	X	X	X	X	X	X	X	EC958_2696	NCTC13441_01349	CS17_02656	ETEC_2486	BW25113_2367	b2367
entD	phosphopantetheinyltransferase component of enterobactin synthase multienzyme complex,phosphopantetheinyltransferase component of enterobactin synthase multienzyme complex,4'-phosphopantetheinyl transferase superfamily	X	-0.2186716918	-0.0569207433	-0.1801565459	X	X	X	X	X	X	-0.1376474302	-0.0186648991	0.0388979218	0.3247313474	0.9059105433	7	X	BN373_11791	ERS227112_03039	ROD_05921	X	X	X	X	X	X	EC958_0701	NCTC13441_03413	CS17_00587	ETEC_0612	BW25113_0583	b0583
epaP	type III secretion system protein	X	X	X	X	-0.5345883412	0.2511494997	0.204537272	-0.8132303809	-0.4370368811	-0.3966324542	X	X	2.1844584766	1.7041768443	X	X	X	X	X	X	SL1344_2869	SL3261_2869	STMMW_28521	STM_MW28521	SEN2731	t2792	X	X	CS17_03209	ETEC_3055	X	X
fabA	beta-hydroxydecanoyl thioester dehydrase	X	2.2534406763	2.2385184287	2.6554497065	2.9790780074	2.4506337758	2.0688079017	1.7669792164	2.8399811638	2.2512514052	1.5267799781	2.0765243863	1.4720185033	2.5142389759	1.7528562372	7	X	BN373_15951	ERS227112_03467	ROD_10151	SL1344_1007	SL3261_1007	STMMW_10801	STM_MW10801	SEN0932	t1853	EC958_1158	NCTC13441_02942	CS17_01017	ETEC_1024	BW25113_0954	b0954
fabH	3-oxoacyl-[acyl-carrier-protein] synthase III	X	3.1036516076	2.7853767572	3.53470457	1.8187930609	1.8172095481	3.3173782548	2.1183702259	2.6604665134	1.9874308277	3.5061422025	3.1077986397	2.2339778488	2.4813272075	1.6516494973	0	X	BN373_17031	ERS227112_03567	ROD_11531	SL1344_1130	SL3261_1130	STMMW_12021	STM_MW12021	SEN1856	t1727	EC958_1287	NCTC13441_02821	CS17_01229	ETEC_1156	BW25113_1091	b1091
fbaA	fructose-bisphosphate aldolase, class II	X	2.9616394957	3.4864752845	4.2624163823	3.456064698	2.8819107708	2.8115769638	3.5039136922	3.1227862582	2.7401859108	1.3879476514	2.595284895	4.537092563	2.3620510144	3.1945780454	7	X	BN373_40181	ERS227112_01311	ROD_50681	SL1344_3044	SL3261_3044	STMMW_30291	STM_MW30291	SEN2911	t2987	EC958_3204	NCTC13441_00831	CS17_03284	ETEC_3117	BW25113_2925	b2925
folX	D-erythro-7,8-dihydroneopterin triphosphate epimerase,D-erythro-7,8-dihydroneopterin triphosphate epimerase,D-erythro-7,8-dihydroneopterin triphosphate 2'-epimerase,FolB domain,Dihydroneopterin aldolase	-0.2176401155	-0.6129518478	0.0551445966	1.6671540551	X	X	X	X	X	X	-0.0219965258	0.4149265673	-0.184578849	-0.0732418659	-0.447856075	0	ENC_03789	BN373_33031	ERS227112_03886	ROD_27111	X	X	X	X	X	X	EC958_2639	NCTC13441_01407	CS17_02550	ETEC_2438	BW25113_2303	b2303
gnsB	protein GnsA	0.4869196916	X	X	X	0.750746423	0.042614735	1.9387293416	1.207743704	1.6428850629	1.1947911124	0.4109398035	1.9874573976	-0.2956260554	0.8822643033	1.0762983217	0	ENC_01165	X	X	X	SL1344_1737	SL3261_1737	STMMW_18011	STM_MW18011	SEN1228	t1068	EC958_1189	NCTC13441_02913	CS17_01053	ETEC_1060	BW25113_4517	b4517
gogB	leucine-rich repeat protein	X	X	X	-0.523160362	2.1558568729	-0.3036058314	-0.1107551897	0.0974394926	X	X	X	X	X	X	X	X	X	X	X	ROD_12111	SL1344_2546	SL3261_2546	STMMW_26001	STM_MW26001	X	X	X	X	X	X	X	X
gp7	gp7	3.262567833	-0.7279206049	-0.0475154504	X	X	X	X	X	X	X	X	X	X	X	X	X	ENC_02679	BN373_10231	ERS227112_02878	X	X	X	X	X	X	X	X	X	X	X	X	X
gp9-like	head-tail adaptor	X	0.3195107626	2.4559161119	X	X	X	X	X	X	X	0.1631899233	0.056693487	X	X	X	X	X	BN373_33571	ERS227112_00928	X	X	X	X	X	X	X	EC958_4955	NCTC13441_01832	X	X	X	X
higA_1	Antitoxin HigA	-0.2714132966	X	1.8071241488	X	X	X	X	X	X	X	X	X	X	X	X	X	ENC_02124	X	ERS227112_00152	X	X	X	X	X	X	X	X	X	X	X	X	X
hipB	antitoxin of HipAB toxin-antitoxin system	X	0.9560641108	1.3953270896	-0.4640037638	X	X	X	X	X	X	1.8975934813	2.0319042645	1.0680816301	2.0786688538	1.9520109996	0	X	BN373_22471	ERS227112_05001	ROD_33711	X	X	X	X	X	X	EC958_1774	NCTC13441_02328	CS17_01672	ETEC_1578	BW25113_1508	b1508
holB	DNA polymerase III, delta' subunit	3.0290262371	X	X	2.7044867304	3.7557271105	2.2952541569	2.6711647902	2.1955242787	5.2064232993	2.5505969157	3.3429576452	2.1133996641	4.3005938602	2.4238180926	1.2642187256	7	ENC_01501	X	X	ROD_11611	SL1344_1138	SL3261_1138	STMMW_12101	STM_MW12101	SEN1848	t1719	EC958_1295	NCTC13441_02813	CS17_01237	ETEC_1164	BW25113_1099	b1099
ihfA	integration host factor (IHF), DNA-binding protein, alpha subunit	0.6601969152	-0.3970784247	0.8149921051	3.285563	0.4463783774	0.5385938179	0.4494563634	0.8470079162	1.4377368589	1.3562939387	0.173790449	X	X	0.7038673906	-0.48862136	0	ENC_01378	BN373_27601	ERS227112_04499	ROD_13431	SL1344_1273	SL3261_1273	STMMW_13461	STM_MW13461	SEN1705	t1220	EC958_1934	X	X	ETEC_1745	BW25113_1712	b1712
ispH	4-hydroxy-3-methylbut-2-enyl diphosphate reductase, 4Fe-4S protein	X	3.77704067	2.7970517963	3.5609641137	3.9105076061	2.3165528769	4.3643225863	1.5233599736	2.2974196864	2.8888454462	3.3819238813	3.3067610224	2.852716531	2.8049801224	2.9667954759	7	X	BN373_05051	ERS227112_02359	ROD_00261	SL1344_0050	SL3261_0050	STMMW_00501	STM_MW00501	SEN0049	t0051	EC958_0161	NCTC13441_03963	CS17_00028	ETEC_0029	BW25113_0029	b0029
kdgM	Oligogalacturonate-specific porin kdgM precursor,Oligogalacturonate-specific porin protein (KdgM)	-1.2927049271	-0.6155151798	-0.238787473	-0.2384033159	0.1496180475	1.2888181803	2.743641646	-0.0902417461	-0.0873531176	0.4598734714	X	X	1.7150222923	X	X	X	ENC_02998	BN373_38981	ERS227112_01399	ROD_28941	SL1344_1069	SL3261_1069	STMMW_11401	STM_MW11401	SEN0992	t1789	X	X	CS17_03456	X	X	X
mazE	antitoxin of the ChpA-ChpR toxin-antitoxin system	X	X	X	X	X	X	X	X	X	X	X	X	0.0871866256	0.7489048695	-0.0433535851	7	X	X	X	X	X	X	X	X	X	X	X	X	CS17_03112	ETEC_2973B	BW25113_2783	b2783
mntS	Mn(2)-response protein, MntR-repressed	0.583258474	0.3103599478	1.6726158744	X	X	X	X	X	X	X	0.3264064076	0.5076500281	-1.786270644	X	0.6499670417	0	ENC_01856	BN373_14091	ERS227112_03281	X	X	X	X	X	X	X	EC958_0929	NCTC13441_03178	CS17_00875	X	BW25113_4705	b4705
mqsA	antitoxin for MqsR toxin; transcriptional repressor	X	X	X	X	X	X	X	X	X	X	X	X	-1.3824899464	0.8875921024	1.2153435577	7	X	X	X	X	X	X	X	X	X	X	X	X	CS17_03442	ETEC_3292	BW25113_3021	b3021
nanK_3	N-acetylmannosamine kinase,N-acetylmannosamine kinase,ROK family protein (putative glucokinase),ROK family	X	X	X	X	X	X	X	X	X	X	1.6805416677	1.1927035423	X	X	X	X	X	X	X	X	X	X	X	X	X	X	EC958_5065	NCTC13441_04953	X	X	X	X
nrdA	ribonucleoside-diphosphate reductase 1, alpha subunit	X	5.9191238611	5.1039847757	1.0713384121	3.4704782646	0.1768217462	2.8076813162	4.9215681737	3.1971501769	5.1387368469	3.8415156044	3.9389050487	4.1918712617	6.3431539045	3.4624318381	7	X	BN373_32531	ERS227112_03937	ROD_23551	SL1344_2246	SL3261_2246	STMMW_23011	STM_MW23011	SEN2259	t0587	EC958_2571	NCTC13441_01474	CS17_02484	ETEC_2367	BW25113_2234	b2234
ompL	outer membrane porin L; putative sulpholipid porin	-1.0517938051	X	X	X	0.8439635971	1.136706842	1.7002293309	-1.2024056278	-0.560737714	-0.1866759637	X	X	1.0253988095	0.555019548	0.3754629686	0	ENC_00015	X	X	X	SL1344_3962	SL3261_3962	STMMW_39801	STM_MW39801	SEN3803	t3605	X	X	CS17_04329	ETEC_4144	BW25113_3875	b3875
paaK	phenylacetyl-CoA ligase	0.4075456523	0.1577235998	-0.012625583	X	X	X	X	X	X	X	X	X	-0.234355442	-0.2204605217	2.1748577704	0	ENC_01140	BN373_20341	ERS227112_05206	X	X	X	X	X	X	X	X	X	CS17_01557	ETEC_1473	BW25113_1398	b1398
pagO	putative membrane protein	X	0.0413905891	0.1872079307	-1.051869306	0.5825694469	1.9263254841	X	X	-0.3351617641	-0.2180284949	X	X	X	X	X	X	X	BN373_25191	ERS227112_04736	ROD_16021	SL1344_1793	SL3261_1793	X	X	SEN1174	t1016	X	X	X	X	X	X
parD1	putative addiction module antidote protein,Antitoxin ParD1,Predicted transcriptional regulators containing the CopG/Arc/MetJ DNA-binding domain,putative addiction module antidote protein, CC2985 family,Uncharacterised protein family (UPF0156)	-0.4394174401	X	X	X	1.7794843045	1.1583204285	1.0958961668	1.6871188324	X	-0.0018926474	X	X	-0.9185046531	X	X	X	ENC_03431	X	X	X	SL1344_2936	SL3261_2936	STMMW_29181	STM_MW29181	X	t2864	X	X	CS17_02325	X	X	X
pgaB	poly-beta-1,6-N-acetyl-D-glucosamine (PGA) N-deacetylase outer membrane export lipoprotein	0.0095361854	-0.1833717141	-0.109026348	X	X	X	X	X	X	X	-0.1389544544	-0.1353191135	1.7018017754	0.8403739953	0.0187100782	0	ENC_03137	BN373_01271	ERS227112_01993	X	X	X	X	X	X	X	EC958_1221	NCTC13441_02883	CS17_01085	ETEC_1091	BW25113_1023	b1023
prfB	peptide chain release factor RF-2	3.2046768299	4.0693772638	3.1146555504	1.2186555678	2.7340816942	3.8406137191	3.262378615	2.7281892666	3.5546415562	3.1284520054	2.3738275007	2.7868284031	3.0923415138	X	2.6031864911	7	ENC_03031	BN373_39861	ERS227112_01344	ROD_49421	SL1344_3017	SL3261_3017	STMMW_30011	STM_MW30011	SEN2884	t2959	EC958_3172	NCTC13441_00864	CS17_03248	X	BW25113_2891	b2891
priA	Primosome factor n' (replication factor Y)	3.8839845556	X	X	6.1327064711	3.8786908243	2.7234386782	3.3831136009	5.6258814378	4.4573517016	4.3791173828	3.7793770747	4.8121396934	5.1587343914	4.2770166276	1.6571580345	0	ENC_00085	X	X	ROD_38111	SL1344_4044	SL3261_4044	STMMW_40601	STM_MW40601	SEN3885	t3523	EC958_4420	NCTC13441_04565	CS17_04391	ETEC_4204	BW25113_3935	b3935
psuK	pseudouridine kinase	X	X	X	-1.0783468603	X	X	X	X	X	X	0.9131257726	0.3757082638	1.7878461542	0.329861095	-0.3539533857	0	X	X	X	ROD_22931	X	X	X	X	X	X	EC958_2502	NCTC13441_01544	CS17_02416	ETEC_2301	BW25113_2166	b2166
repB	RepFIB replication protein A	1.5769981194	X	2.2286888252	X	X	X	X	X	X	X	X	X	X	X	X	X	ENC_03461	X	ERS227112_00238	X	X	X	X	X	X	X	X	X	X	X	X	X
rfbE	Polysaccharide biosynthesis protein	X	X	X	X	X	X	X	X	X	X	1.511418514	2.1656813096	X	X	X	X	X	X	X	X	X	X	X	X	X	X	EC958_2377	NCTC13441_01676	X	X	X	X
rfbG	CDP-glucose 4,6-dehydratase	X	X	X	X	0.0244452794	1.5402069117	0.572247652	0.1791518112	-0.1629579249	1.6723922719	X	X	X	X	X	X	X	X	X	X	SL1344_2068	SL3261_2068	STMMW_21221	STM_MW21221	SEN2087	t0781	X	X	X	X	X	X
rffH	glucose-1-phosphate thymidylyltransferase	2.5454980057	-0.3478344249	-0.7535179001	-0.5296675108	X	X	X	X	X	-0.5476370053	-0.5794906441	-0.2077040086	-0.5572490152	0.1009836634	-0.3460067555	0	ENC_03990	BN373_49171	ERS227112_01759	ROD_39581	X	X	X	X	X	t3374	EC958_4251	NCTC13441_04734	CS17_04240	ETEC_4071	BW25113_3789	b3789
rnc	RNase III	1.2816975363	2.3026423249	2.6307873511	1.6267930364	2.0594531658	1.1713580754	1.3372063917	0.9523479285	2.8030011744	0.3926801963	0.3815721697	X	X	1.7711856512	0.0642240982	0	ENC_03576	BN373_35501	ERS227112_00020A	ROD_25131	SL1344_2543	SL3261_2543	STMMW_25971	STM_MW25971	SEN2561	t0277	EC958_2873	X	X	ETEC_2780	BW25113_2567	b2567
rpmC	50S ribosomal subunit protein L29	1.8159413898	1.824018026	1.9365702661	1.9737038456	1.5545893109	2.1067234245	X	X	1.4045720218	0.7937175578	1.9220584341	1.5731878688	2.2096864507	1.8466633995	0.8583166292	7	ENC_02446	BN373_43481	ERS227112_00875	ROD_45101	SL1344_3399	SL3261_3399	X	X	SEN3260	t4073	EC958_3705	NCTC13441_00383	CS17_03747	ETEC_3564	BW25113_3312	b3312
rpmH	50S ribosomal subunit protein L34	X	1.6033434978	1.3025636705	2.1044055342	2.0432583452	1.8704601847	2.2922214218	1.4338314006	1.8556295212	1.0578457862	2.2648848639	1.9075369389	1.1155228744	1.2988014994	0.7657244628	7	X	BN373_47501	ERS227112_00468C	ROD_40243	SL1344_3806	SL3261_3806	STMMW_38241	STM_MW38241	SEN3656	t3680	EC958_4177	NCTC13441_04813	CS17_04154	ETEC_3993	BW25113_3703	b3703
rpmJ	50S ribosomal subunit protein L36	X	X	X	1.6040007872	1.4233863083	1.1772017447	1.1761271102	1.9714079514	1.038357264	1.4079548991	2.1924879497	1.8425399597	0.3589810599	2.2388296215	0.498927734	0	X	X	X	ROD_45222	SL1344_3386	SL3261_3386	STMMW_34121	STM_MW34121	SEN3247	t4086	EC958_5073	NCTC13441_00396	CS17_03734	ETEC_3551	BW25113_3299	b3299
rpoN	RNA polymerase, sigma 54 (sigma N) factor	-0.2011543401	-0.3354579681	0.3580358573	1.7959345868	1.0420739562	0.3174333997	0.7858667139	X	2.0263374147	-0.2996508916	2.0204468451	1.6586475416	0.8324769813	1.2145193718	0.0213814364	0	ENC_03346	BN373_42621	ERS227112_00986	ROD_46181	SL1344_3292	SL3261_3292	STMMW_33191	X	SEN3153	t3237	EC958_3602	NCTC13441_00490	CS17_03644	ETEC_3467	BW25113_3202	b3202
rpsK	30S ribosomal subunit protein S11	X	2.6856463671	2.4885381082	2.6800350286	2.5190700525	2.5829724259	2.1354669273	1.8839138135	2.5867733489	1.6217075114	2.604917499	2.1974686385	1.9703634498	2.5612550833	1.814842043	7	X	BN373_43341	ERS227112_00887B	ROD_45241	SL1344_3384	SL3261_3384	STMMW_34101	STM_MW34101	SEN3245	t4088	EC958_3691	NCTC13441_00398	CS17_03732	ETEC_3549	BW25113_3297	b3297
rpsM	30S ribosomal subunit protein S13	2.2600548772	2.7969423598	2.7857465341	2.2138127943	2.2317232115	2.2853153477	2.6689646594	1.7988235805	2.3500402663	1.4467178358	2.5301193129	X	X	2.4855723487	1.5879470527	0	ENC_02433	BN373_43351	ERS227112_00887A	ROD_45231	SL1344_3385	SL3261_3385	STMMW_34111	STM_MW34111	SEN3246	t4087	EC958_3692	X	X	ETEC_3550	BW25113_3298	b3298
rpsO	30S ribosomal subunit protein S15	1.6993721767	1.8868182831	2.4966992265	1.5949460993	1.3350209576	1.2020722775	1.237101211	2.0650236672	1.7294021246	1.7203664268	1.9362177034	X	X	1.2113095468	0.8220722486	0	ENC_03308	BN373_42251	ERS227112_01026A	ROD_46671	SL1344_3256	SL3261_3256	STMMW_32831	STM_MW32831	SEN3118	t3201	EC958_3567	X	X	ETEC_3432	BW25113_3165	b3165
rpsT	30S ribosomal subunit protein S20	2.3195887631	2.3127999229	X	2.9541891342	2.9352914767	2.7714812708	2.6275068535	2.8123583336	3.4586805441	2.8212905537	2.5219319089	2.3970841512	1.8225451039	2.9259487972	1.9356491626	0	ENC_04394	BN373_05001	X	ROD_00212	SL1344_0044	SL3261_0044	STMMW_00441	STM_MW00441	SEN0043	t0045	EC958_0156	NCTC13441_03968	CS17_00023	ETEC_0023	BW25113_0023	b0023
rtsA	araC family regulatory protein	X	X	X	X	1.7157888441	1.5125425643	1.2252949665	0.3052900837	0.452311452	0.1824239147	X	X	X	X	X	X	X	X	X	X	SL1344_4251	SL3261_4251	STMMW_42651	STM_MW42651	SEN4086	t4221	X	X	X	X	X	X
secF	SecYEG protein translocase auxillary subunit	X	3.3684658816	2.865054639	3.2923622137	2.3158849629	2.2988547698	3.6462104508	2.2183572523	1.5969727128	2.259063687	1.8815939089	3.1232209796	3.06383013	3.311010129	2.6579907777	7	X	BN373_08491	ERS227112_02711	ROD_04571	SL1344_0403	SL3261_0403	STMMW_04781	STM_MW04781	SEN0391	t2455	EC958_0547	NCTC13441_03570	CS17_00439	ETEC_0462	BW25113_0409	b0409
sfmA	FimA homolog, function unknown	X	X	X	X	X	X	X	X	X	X	X	X	1.6813381262	1.5257177022	0.4253645272	0	X	X	X	X	X	X	X	X	X	X	X	X	CS17_00556	ETEC_0582	BW25113_0530	b0530
sifB	putative virulence effector protein	X	X	X	X	1.2206750581	1.5328072416	1.8855741245	1.2273595551	1.0716841017	1.1012921182	X	X	X	X	X	X	X	X	X	X	SL1344_1532	SL3261_1532	STMMW_15971	STM_MW15971	SEN1454	t1511	X	X	X	X	X	X
siiD	putative type-I secretion protein	X	X	X	X	0.795877084	1.5210589467	1.9147361034	-0.8099506145	-0.0384517169	-0.2029691872	X	X	X	X	X	X	X	X	X	X	SL1344_4196	SL3261_4196	STMMW_42111	STM_MW42111	SEN4029	t4165	X	X	X	X	X	X
spaO	type III secretion system protein	X	X	X	X	-0.556355987	-0.2305742888	-0.373851886	-0.836254523	-0.806798105	-0.7507505393	X	X	1.7014032438	-0.3094132182	X	X	X	X	X	X	SL1344_2870	SL3261_2870	STMMW_28531	STM_MW28531	SEN2732	t2793	X	X	CS17_03210	ETEC_3056	X	X
ssaE	putative secretion system protein	X	X	X	X	-0.0044112891	0.524857726	2.0037463309	0.3753814298	0.1974248391	0.3820006078	X	X	X	X	X	X	X	X	X	X	SL1344_1330	SL3261_1330	STMMW_14011	STM_MW14011	SEN1649	t1264	X	X	X	X	X	X
ssaJ	putative pathogenicity island lipoprotein	X	X	X	0.3787764442	-0.1743883786	1.6677658197	1.5517213995	-0.2119162993	-0.1997705298	-0.3106851873	X	X	X	X	X	X	X	X	X	ROD_29981	SL1344_1343	SL3261_1343	STMMW_14141	STM_MW14141	SEN1636	t1277	X	X	X	X	X	X
tap	Dipeptide chemoreceptor protein,methyl-accepting protein IV,Tar ligand binding domain homologue	X	X	X	X	X	X	X	X	X	X	0.9620262751	2.0130143141	X	X	X	X	X	X	X	X	X	X	X	X	X	X	EC958_4938	NCTC13441_01997	X	X	X	X
tcfA	fimbrial protein,putative fimbrial protein TcfA,Gram-negative pili assembly chaperone, N-terminal domain	X	X	X	X	X	X	X	X	X	-1.9625952768	X	X	1.6531638292	X	X	X	X	X	X	X	X	X	X	X	X	t2550	X	X	CS17_03527	X	X	X
tdcF	putative reactive intermediate deaminase	X	X	X	X	X	X	X	X	X	X	0.1200936008	-0.4359709412	-0.193355139	0.0988658627	-0.3004215312	7	X	X	X	X	X	X	X	X	X	X	EC958_3516	NCTC13441_00576	CS17_03545	ETEC_3381	BW25113_3113	b3113
tnaB	tryptophan transporter of low affinity	X	X	X	X	X	X	X	X	X	X	-1.2565966189	-1.1914406244	0.1849155287	-0.8290554155	-1.3217938185	7	X	X	X	X	X	X	X	X	X	X	EC958_4182	NCTC13441_04808	CS17_04159	ETEC_4000	BW25113_3709	b3709
tusD	sulfurtransferase for 2-thiolation step of mnm(5)-s(2)U34-tRNA synthesis	1.2656116334	1.5224255861	2.0127302295	0.1786815949	0.6432292065	-0.2678131173	0.2023649041	0.5333584377	0.1874273979	0.5214878188	0.4152516812	0.6618082176	0.3699173323	X	-0.1989457868	0	ENC_02464	BN373_43671	ERS227112_00856	ROD_44741	SL1344_3418	SL3261_3418	STMMW_34431	STM_MW34431	SEN3279	t4054	EC958_3741	NCTC13441_00350	CS17_03766	X	BW25113_3345	b3345
tviC	Vi polysaccharide biosynthesis protein, epimerase	0.3438262965	3.030929212	2.6155125895	X	X	X	X	X	X	0.0472224037	X	X	X	X	X	X	ENC_04002	BN373_30981	ERS227112_04087	X	X	X	X	X	X	t4351	X	X	X	X	X	X
ubiG	bifunctional 3-demethylubiquinone-9 3-methyltransferase/ 2-octaprenyl-6-hydroxy phenol methylase	X	1.8684493705	2.4667186309	2.04764787	2.2097946598	2.6729612532	3.0697290754	1.8834262209	3.274711281	2.0307620112	2.9546296542	2.3925677048	1.6583865233	2.9524141863	2.0271027003	0	X	BN373_32521	ERS227112_03938	ROD_23541	SL1344_2245	SL3261_2245	STMMW_23001	STM_MW23001	SEN2258	t0588	EC958_2568	NCTC13441_01476	CS17_02482	ETEC_2365	BW25113_2232	b2232
waaU	lipopolysaccharide core biosynthesis	X	X	-1.0715922765	X	X	X	X	X	X	X	0.0036345608	-0.7969818286	X	X	-0.574992555	7	X	X	ERS227112_00611	X	X	X	X	X	X	X	EC958_4030	NCTC13441_00061	X	X	BW25113_3623	b3623
wcaE	putative glycosyl transferase	-0.7387343162	X	X	-0.8927622699	-0.7088085172	0.1514255605	-0.160342074	-0.9386721563	-0.9095175345	-0.8761919901	1.1839917274	0.3717382615	1.8836692173	1.1669121093	0.8043647784	0	ENC_03974	X	X	ROD_21911	SL1344_2088	SL3261_2088	STMMW_21431	STM_MW21431	SEN2107	t0761	EC958_2395	NCTC13441_01657	CS17_02295	ETEC_2198	BW25113_2055	b2055
wzxB	putative polisoprenol-linked O-antigen transporter	X	X	X	2.501379348	X	X	X	X	X	X	X	X	X	X	-0.7212787485	0	X	X	X	ROD_21721	X	X	X	X	X	X	X	X	X	X	BW25113_2037	b2037
yaaY	uncharacterized protein	X	X	X	1.6778837802	0.7109283817	0.4177031677	0.9550587588	1.3264734597	1.3501973153	1.0597397151	X	X	X	0.9909295394	1.3226070998	0	X	X	X	ROD_00213	SL1344_0045	SL3261_0045	STMMW_00451	STM_MW00451	SEN0044	t0046	X	X	X	ETEC_0024	BW25113_0024	b0024
yafN	antitoxin of the YafO-YafN toxin-antitoxin system	X	X	X	X	2.1744358442	1.4931440492	X	X	X	X	X	X	X	1.3033455059	1.1869566908	7	X	X	X	X	SL1344_1480	SL3261_1480	X	X	X	X	X	X	X	ETEC_0256	BW25113_0232	b0232
yagG	CP4-6 prophage; putative sugar transporter	-0.3869964041	X	X	-0.0918475013	X	X	X	X	X	X	X	X	X	X	0.6495014471	7	ENC_04235	X	X	ROD_13561	X	X	X	X	X	X	X	X	X	X	BW25113_0270	b0270
ybaQ	putative DNA-binding transcriptional regulator	0.2931273581	X	X	X	X	X	X	X	X	X	1.6085728124	2.2496301847	-0.6373673696	0.3845716436	0.3940790264	0	ENC_02806	X	X	X	X	X	X	X	X	X	EC958_0624	NCTC13441_03492	CS17_00515	ETEC_0535	BW25113_0483	b0483
ybbW	putative allantoin transporter	X	0.3038540168	0.2712971991	X	0.7552200228	1.2480132268	0.6518278325	-0.4644124407	-0.6273866106	X	-0.1798784026	-1.3013066101	1.6761698483	0.7617982132	-0.8206789341	0	X	BN373_23641	ERS227112_04870	X	SL1344_0515	SL3261_0515	STMMW_05911	STM_MW05911	SEN0503	X	EC958_0649	NCTC13441_03466	CS17_00536	ETEC_0563	BW25113_0511	b0511
ybcK	DLP12 prophage; putative recombinase	X	-0.8619716087	X	X	X	X	X	X	X	X	X	X	-2.9268296508	X	2.6281933037	0	X	BN373_27731	X	X	X	X	X	X	X	X	X	X	CS17_00107	X	BW25113_0544	b0544
yccE	uncharacterized protein	X	X	X	X	X	X	X	X	X	X	X	X	2.5178479638	1.4964647845	1.1830009271	0	X	X	X	X	X	X	X	X	X	X	X	X	CS17_01063	ETEC_1070	BW25113_1001	b1001
yceQ	uncharacterized protein	X	X	X	X	X	X	2.0599132755	1.4630166998	X	1.7433062604	0.6356337752	X	X	1.743338653	0.6301068244	7	X	X	X	X	X	X	STMMW_11941	STM_MW11941	X	t1733	EC958_1280	X	X	ETEC_1150	BW25113_1085	b1085
ycgH	conserved hypothetical protein (pseudogene)	X	X	X	-0.5151536	X	X	X	X	X	X	X	X	1.3965440102	1.1545368181	1.6524661207	0	X	X	X	ROD_27631	X	X	X	X	X	X	X	X	CS17_01346	ETEC_1271	BW25113_4491	b4491
yciG	KGG family protein	-0.6610682878	1.4023236139	-2.0400555862	X	-0.4625379205	1.2447524512	0.0101632826	-1.1474782836	-0.8533153754	-0.5773546544	X	X	1.7920011287	0.6233284607	-1.1266588092	0	ENC_03005	BN373_17741	ERS227112_03620	X	SL1344_1659	SL3261_1659	STMMW_17231	STM_MW17231	SEN1306	t1640	X	X	CS17_01442	ETEC_1361	BW25113_1259	b1259
yciM	LPS regulatory protein; putative modulator of LpxC proteolysis	X	1.5608961855	3.4909304331	3.0010011213	3.5369088306	-0.0154972834	2.7153025571	1.7104373137	2.5235210038	3.5510860553	1.2463702319	2.9284117736	0.9258410686	-0.1527334083	1.5542540683	0	X	BN373_19021	ERS227112_05452	ROD_17201	SL1344_1640	SL3261_1640	STMMW_17031	STM_MW17031	SEN1325	t1621	EC958_1612	NCTC13441_02483	CS17_01465	ETEC_1384	BW25113_1280	b1280
ydcX	DUF2566 family protein	0.3033258002	-0.8517154022	-0.0997151318	1.042125316	1.2304235172	0.8114650037	0.5665919762	1.2649542339	1.7828078361	X	0.7032762144	1.0224396789	0.1368702218	0.7641420124	1.3815436543	0	ENC_00915	BN373_24971	ERS227112_04756	ROD_15891	SL1344_1527	SL3261_1527	STMMW_15911	STM_MW15911	SEN1459	X	EC958_1720	NCTC13441_02374	CS17_01596	ETEC_1516	BW25113_1445	b1445
yddK	putative LRR repeat protein	X	X	X	X	X	X	X	X	X	X	X	X	0.735431886	2.8342202669	0.485355837	0	X	X	X	X	X	X	X	X	X	X	X	X	CS17_01632	ETEC_1542	BW25113_1471	b1471
yddL	putative outer membrane porin protein	X	X	X	X	X	X	X	X	X	X	X	X	1.7910311035	1.9834279515	1.9341443683	0	X	X	X	X	X	X	X	X	X	X	X	X	CS17_01633	ETEC_1543	BW25113_1472	b1472
yddM	putative DNA-binding transcriptional regulator	X	X	X	1.7213108079	X	X	X	X	X	X	0.5033222918	1.2156385042	-0.3208674751	X	1.0502243463	0	X	X	X	ROD_15581	X	X	X	X	X	X	EC958_1742	NCTC13441_02353	CS17_01638	X	BW25113_1477	b1477
ydeN	putative Ser-type periplasmic non-aryl sulfatase	X	X	X	X	X	X	X	X	X	X	0.8075193007	0.2922978413	2.0060774914	0.5529493778	0.0072227466	0	X	X	X	X	X	X	X	X	X	X	EC958_1761	NCTC13441_02340	CS17_01662	ETEC_1568	BW25113_1498	b1498
ydeO	UV-inducible global regulator, EvgA-, GadE-dependent	X	X	X	X	X	X	X	X	X	X	1.4908793651	0.9090904404	2.7696060125	2.4728528515	0.9899458365	0	X	X	X	X	X	X	X	X	X	X	EC958_1762	NCTC13441_02339	CS17_01663	ETEC_1569	BW25113_1499	b1499
ydeT	putative fimbrial biogenesis outer membrane usher protein	X	X	X	X	X	X	X	X	X	X	X	X	1.8606468969	1.1162861487	0.6214071376	0	X	X	X	X	X	X	X	X	X	X	X	X	CS17_01669	ETEC_0021	BW25113_1505	b1505
ydfB	Qin prophage; uncharacterized protein	X	X	X	X	X	X	X	X	X	X	0.5388559939	0.1343296025	X	X	0.1277774569	7	X	X	X	X	X	X	X	X	X	X	EC958_4912	NCTC13441_02571	X	X	BW25113_1572	b1572
ydgU	conserved sORF	X	X	X	X	1.8517874547	0.1109872104	X	X	X	X	X	X	X	X	X	X	X	X	X	X	SL1344_1414A	SL3261_1414A	X	X	X	X	X	X	X	X	X	X
ydiF	putative acetyl-CoA:acetoacetyl-CoA transferase: alpha subunit/beta subunit	X	X	X	X	0.0242311858	0.387399597	0.139385735	-0.5441870181	-0.2783732429	X	0.40149207	-0.5949176384	1.7455892969	0.4967281209	-0.0408113431	0	X	X	X	X	SL1344_1291	SL3261_1291	STMMW_13641	STM_MW13641	SEN1687	X	EC958_1914	NCTC13441_02185	CS17_01876	ETEC_1727	BW25113_1694	b1694
ydiL	putative HTH domain DNA-binding protein	X	X	X	X	-0.4158630139	0.2500025338	0.2278210701	0.3349181312	0.2416575932	X	0.2814264224	-0.5034966967	0.3750141054	0.1083259685	-0.2572758548	7	X	X	X	X	SL1344_1297	SL3261_1297	STMMW_13691	STM_MW13691	SEN1682	X	EC958_1909	NCTC13441_02190	CS17_01871	ETEC_1722	BW25113_1689	b1689
ydiN	putative MFS transporter, membrane protein	X	X	X	X	0.2552815291	0.3755292681	0.3945460855	-0.2695087405	-0.5201020578	X	1.0995348382	0.0516201228	3.2624624764	0.964828631	0.6256141469	0	X	X	X	X	SL1344_1294	SL3261_1294	STMMW_13671	STM_MW13671	SEN1684	X	EC958_1911	NCTC13441_02188	CS17_01873	ETEC_1724	BW25113_1691	b1691
ydjI	putative aldolase	0.1601216129	X	-0.6972809251	-0.326352056	X	X	X	X	-0.39335959	X	0.7752661951	0.22343601	1.6925960578	1.1059256099	0.2602129516	0	ENC_00501	X	ERS227112_05538	ROD_12811	X	X	X	X	SEN1755	X	EC958_1995	NCTC13441_02107	CS17_01960	ETEC_1805	BW25113_1773	b1773
yeaI	putative membrane-anchored diguanylate cyclase	X	X	X	X	X	X	X	X	X	X	1.4317466364	0.6051220607	1.284937552	1.9948549449	0.8442560251	0	X	X	X	X	X	X	X	X	X	X	EC958_2007	NCTC13441_02095	CS17_01972	ETEC_1817	BW25113_1785	b1785
yeeL	ADP-heptose--LPS heptosyltransferase-like protein,lipopolysaccharide heptosyltransferase I,Glycosyltransferase family 9 (heptosyltransferase)	X	X	X	X	X	X	X	X	X	X	1.7686166061	0.5436990271	1.3209225699	X	0.0092540288	0	X	X	X	X	X	X	X	X	X	X	EC958_2299	NCTC13441_01773	CS17_02224	X	BW25113_4497	b4497
yefM	antitoxin of the YoeB-YefM toxin-antitoxin system	1.9960003847	X	1.5732502401	0.5845334375	-0.7120819579	-0.4960650898	-0.7423254707	-0.8178013893	-0.0644452095	X	0.6146921394	0.7973108888	X	1.1576528405	0.334931345	7	ENC_00308	X	ERS227112_00769	ROD_43731	SL1344_3525	SL3261_3525	STMMW_35481	STM_MW35481	SEN3382	X	EC958_2359	NCTC13441_01695	X	ETEC_2161	BW25113_2017	b2017
yehA	putative fimbrial-like adhesin protein	-0.4478442392	X	X	-0.3275071447	0.5042773314	0.6843322999	0.6710487706	0.0501819308	-0.3335125957	-0.252536777	0.5369729062	-0.171046681	1.0395957631	1.9125493178	1.7990680409	0	ENC_00324	X	X	ROD_22311	SL1344_2126	SL3261_2126	STMMW_21801	STM_MW21801	SEN2144A	t0707	EC958_2443	NCTC13441_01602	CS17_02353	ETEC_2246	BW25113_2108	b2108
yehD	putative fimbrial-like adhesin protein	X	X	X	-0.1837126942	0.5943993166	0.1521417553	0.70628611	0.0406330552	-0.0612649008	0.2570432506	3.0730095483	1.5898225234	1.4910548328	2.1681950978	0.3050736616	0	X	X	X	ROD_22341	SL1344_2129	SL3261_2129	STMMW_21831	STM_MW21831	SEN2145B	t0704	EC958_2446	NCTC13441_01599	CS17_02356	ETEC_2249	BW25113_2111	b2111
yejL	UPF0352 family protein	0.7901078041	1.6559334209	-0.2066832428	0.9290459496	-0.1491309592	0.4193977535	X	X	-0.0152369996	-0.0439653217	0.0961025854	-0.0695943913	-0.2886217376	0.2200229234	-0.1803832667	0	ENC_03858	BN373_32301	ERS227112_03956	ROD_23191	SL1344_2204	SL3261_2204	X	X	SEN2220	t0627	EC958_2525	NCTC13441_01522	CS17_02438	ETEC_2324	BW25113_2187	b2187
yfbN	uncharacterized protein	X	X	X	X	X	X	X	X	X	X	X	X	X	1.8376552679	2.8280741734	0	X	X	X	X	X	X	X	X	X	X	X	X	X	ETEC_2409	BW25113_2273	b2273
yfdF	uncharacterized protein	X	X	X	X	X	X	X	X	X	X	X	X	0.9227057884	0.6878938874	1.9183376333	0	X	X	X	X	X	X	X	X	X	X	X	X	CS17_02646	ETEC_2480	BW25113_2345	b2345
yfdV	putative transporter	-0.9464170776	0.1901431962	-0.1959707887	-0.6927744739	X	X	X	X	X	X	0.5729227131	-0.2037339259	1.8684157258	0.7020773263	0.9536760401	0	ENC_02476	BN373_21141	ERS227112_05126	ROD_44621	X	X	X	X	X	X	EC958_4993	NCTC13441_01344	CS17_02661	ETEC_2491	BW25113_2372	b2372
yfkN_2	putative secreted 5'-nucleotidase	2.0872586042	X	X	X	-0.0034012418	0.4587699733	0.2237132092	0.0818214154	-0.1315052898	-0.1643957784	X	X	X	X	X	X	ENC_04035	X	X	X	SL1344_0034	SL3261_0034	STMMW_00341	STM_MW00341	SEN0033	t0035	X	X	X	X	X	X
ygcW	putative SDR family oxidoreductase	X	X	X	X	X	X	X	X	X	X	0.2996329526	-0.3309083823	2.4055884743	0.7308145462	-0.0936059123	0	X	X	X	X	X	X	X	X	X	X	EC958_3038	NCTC13441_01006	CS17_03100	ETEC_2966	BW25113_2774	b2774
ygeH	putative transcriptional regulator	X	X	X	X	-0.1833175256	-0.1374799127	-0.3614388963	-1.220634069	-0.6624541962	-0.8360328986	X	X	1.9642585791	1.0894503817	1.6954276145	0	X	X	X	X	SL1344_2856	SL3261_2856	STMMW_28381	STM_MW28381	SEN2718	t2778	X	X	CS17_03191	ETEC_3039	BW25113_2852	b2852
ygeK	putative 2-component transcriptional regulator,Virulence factors putative positive transcription regulator BvgA,two component system sensor kinase SsrB,Response regulator,transcriptional regulator EpsA,Bacterial regulatory proteins, luxR family	X	X	X	X	X	X	X	X	X	X	X	X	1.8302496293	X	0.8723604643	0	X	X	X	X	X	X	X	X	X	X	X	X	CS17_03194	X	BW25113_2856	b2856
ygfZ	iron-sulfur cluster repair protein, plumbagin resistance	X	2.9354244535	1.6754053341	1.3320096148	1.742689192	3.616604575	1.7207416876	2.8107371648	1.4338721771	2.258277064	1.2298426657	2.1060265414	0.9739380852	2.6486966133	0.7962669361	0	X	BN373_39931	ERS227112_01337	ROD_49351	SL1344_3024	SL3261_3024	STMMW_30081	STM_MW30081	SEN2891	t2966	EC958_3180	NCTC13441_00857	CS17_03255	ETEC_3091	BW25113_2898	b2898
yhaC	pentapetide repeats-related protein	X	X	X	X	X	X	X	X	X	X	X	X	1.6857923333	1.4029917014	1.2692907103	0	X	X	X	X	X	X	X	X	X	X	X	X	CS17_03552	ETEC_3389	BW25113_3121	b3121
yhiS	conserved hypothetical protein	X	X	X	X	X	X	X	X	X	X	X	X	1.635052745	1.5240960813	1.8031125029	0	X	X	X	X	X	X	X	X	X	X	X	X	CS17_03940	ETEC_3751	BW25113_3504	b3504
yibG	TPR-like repeat protein	X	X	X	X	X	X	X	X	X	X	X	X	0.4361416616	0.3907859945	2.345695415	0	X	X	X	X	X	X	X	X	X	X	X	X	CS17_04042	ETEC_3837A	BW25113_3596	b3596
yjaA	stress-induced protein	X	X	X	X	X	X	X	X	X	X	2.113315925	2.3725983371	0.9698468702	1.3471283453	1.3375510075	0	X	X	X	X	X	X	X	X	X	X	EC958_4458	NCTC13441_04484	CS17_04476	ETEC_4266	BW25113_4011	b4011
yjbI	conserved hypothetical protein	X	X	X	0.3459909433	1.0365673339	0.7004199317	0.8104448578	0.2626129745	-0.0017941722	X	X	X	1.6525952885	1.0256798479	-0.3901405327	0	X	X	X	ROD_12071	SL1344_2043	SL3261_2043	STMMW_20971	STM_MW20971	SEN2065	X	X	X	CS17_04518	ETEC_4293	BW25113_4038	b4038
yjcF	pentapeptide repeats protein	X	X	X	X	X	X	X	X	X	X	X	X	0.8998197824	1.7869935593	1.4777247756	0	X	X	X	X	X	X	X	X	X	X	X	X	CS17_04547	ETEC_4376	BW25113_4066	b4066
yjiC	uncharacterized protein	X	X	X	X	X	X	X	X	X	X	1.6766343198	1.3377136089	1.723758554	1.0638851873	1.1565136079	0	X	X	X	X	X	X	X	X	X	X	EC958_0057	NCTC13441_04068	CS17_04790	ETEC_4638	BW25113_4325	b4325
yjjY	uncharacterized protein	X	X	X	0.6741673064	0.1365795758	0.4736892005	-0.0373452608	1.6832506759	1.433055813	1.7655954434	-0.5105237551	X	X	0.45116208	1.0088049168	0	X	X	X	ROD_50882	SL1344_4526	SL3261_4526	STMMW_45421	STM_MW45421	SEN4355	t4638	EC958_0133	X	X	ETEC_4757	BW25113_4402	b4402
ykfG	CP4-6 prophage; RadC-like JAB domain protein	X	X	X	X	X	X	X	X	X	X	X	X	X	X	1.7471612541	0	X	X	X	X	X	X	X	X	X	X	X	X	X	X	BW25113_0247	b0247
ykfM	lethality reduction protein, putative inner membrane protein	X	X	X	X	X	X	X	X	X	X	X	X	0.2495564172	X	1.7007457951	0	X	X	X	X	X	X	X	X	X	X	X	X	CS17_00228	X	BW25113_4586	b4586
ykgO	RpmJ-like protein	-0.2958947232	-0.6712795481	-0.1451406304	X	0.0889763491	-0.0619540331	1.2467922641	2.0082696687	1.4828410094	1.3057862097	0.5489420322	0.6788126015	-0.2057624126	0.5045238178	-0.063964959	0	ENC_02204	BN373_09241	ERS227112_02789	X	SL1344_0463	SL3261_0463	STMMW_05401	STM_MW05401	SEN0451	t2390	EC958_0440	NCTC13441_03675	CS17_00340	ETEC_0355	BW25113_4506	b4506
ynbB	putative CDP-diglyceride synthase	X	X	X	-0.2751321957	X	X	X	X	X	X	X	X	2.4572608978	2.160605892	0.5841318308	0	X	X	X	ROD_16341	X	X	X	X	X	X	X	X	CS17_01562	ETEC_1481	BW25113_1409	b1409
yoeB	toxin of the YoeB-YefM toxin-antitoxin system	-0.9715610941	X	X	X	X	X	X	X	X	X	0.246802411	1.8742162781	X	0.3613256598	1.225035706	0	ENC_00307	X	X	X	X	X	X	X	X	X	EC958_2358	NCTC13441_01696	X	ETEC_2160	BW25113_4539	b4539
ypjC	conserved hypothetical protein	X	X	X	X	X	X	X	X	X	X	X	X	X	2.0947869458	3.5387581061	0	X	X	X	X	X	X	X	X	X	X	X	X	X	ETEC_2847	BW25113_2650	b2650
yqgB	uncharacterized protein	X	-0.5584238277	X	X	0.4617629161	0.2859407161	0.1631594921	1.6907395136	1.0351941766	1.218162406	X	X	X	X	0.6939245552	0	X	BN373_40261	X	X	SL1344_3063	SL3261_3063	STMMW_30481	STM_MW30481	SEN2931	t3000	X	X	X	X	BW25113_2939	b2939
yqgD	inner membrane protein,Protein of unknown function (DUF2684)	X	X	X	X	1.2513580442	0.7478188562	0.6562987315	1.7440138339	1.6062180783	X	0.4159044008	0.9416136118	-0.0965049095	X	X	X	X	X	X	X	SL1344_3064	SL3261_3064	STMMW_30501	STM_MW30501	SEN2932	X	EC958_5056	NCTC13441_00811	CS17_03303	X	X	X
yrfF	putative RcsCDB-response attenuator, inner membrane protein	X	-0.6593477534	3.8714317068	4.0342048613	2.5220284062	2.3570427994	2.0514345032	2.6666961089	1.1548829441	-0.668254475	3.362125201	3.1182899594	0.0392790643	0.2496465905	2.7546770734	7	X	BN373_44071	ERS227112_00817	ROD_44251	SL1344_3462	SL3261_3462	STMMW_34851	STM_MW34851	SEN3321	t4011	EC958_3789	NCTC13441_00302	CS17_03819	ETEC_3648	BW25113_3398	b3398
ytfI	uncharacterized protein	X	X	X	X	X	X	X	X	X	X	X	X	X	X	1.7764260325	0	X	X	X	X	X	X	X	X	X	X	X	X	X	X	BW25113_4215	b4215
	aspartate racemase,Aspartate racemase,putative racemase,aspartate racemase,Asp/Glu/Hydantoin racemase	X	X	X	X	-0.0649449669	-0.1371565171	-0.0153071144	-0.2126366178	-0.3084687923	-0.0842675412	X	X	2.1353338139	X	X	X	X	X	X	X	SL1344_4441	SL3261_4441	STMMW_44561	STM_MW44561	SEN4271	t4560	X	X	CS17_01103	X	X	X
	bacteriophage regulatory protein CII,Protein of unknown function (DUF1019)	2.5382935837	X	X	X	X	X	X	X	X	X	0.091972199	-0.2432313471	-0.3597722534	X	X	X	ENC_02662	X	X	X	X	X	X	X	X	X	EC958_1346	NCTC13441_02764	CS17_00791	X	X	X
	conserved domain protein	X	0.7576272413	1.8029682829	X	X	X	X	X	X	X	X	X	X	X	X	X	X	BN373_00891	ERS227112_01953A	X	X	X	X	X	X	X	X	X	X	X	X	X
	conserved hypothetical protein	0.2774998411	X	X	X	-0.1092484152	-0.3879638919	-0.2017753094	0.2241442966	-0.0150862758	0.7042761301	0.8835627017	1.6908772018	X	0.7528544189	X	X	ENC_04306	X	X	X	SL1344_4459	SL3261_4459	STMMW_44741	STM_MW44741	SEN4293	t4578	EC958_0080	NCTC13441_04046	X	ETEC_4653	X	X
	conserved hypothetical protein	0.7936302973	-0.1337525232	2.9753639701	X	2.036496881	2.1958128669	1.8161898335	2.4763419618	2.0659689253	1.9301054388	X	X	X	X	X	X	ENC_01021	BN373_45611	ERS227112_00182	X	SL1344_3618	SL3261_3618	STMMW_36421	STM_MW36421	SEN3475	t3867	X	X	X	X	X	X
	conserved hypothetical protein	2.1985460988	-0.1948465738	-0.4165493905	X	X	X	X	X	X	X	X	X	X	X	X	X	ENC_02682	BN373_10331	ERS227112_02886	X	X	X	X	X	X	X	X	X	X	X	X	X
	conserved hypothetical protein	2.2225904384	-0.3432763582	-0.4387011766	X	X	X	X	X	X	X	X	X	X	X	X	X	ENC_02687	BN373_10461	ERS227112_02900	X	X	X	X	X	X	X	X	X	X	X	X	X
	conserved hypothetical protein	2.2796638478	-0.7864675154	-0.0786490405	X	X	X	X	X	X	X	X	X	X	X	X	X	ENC_02681	BN373_10321	ERS227112_02885	X	X	X	X	X	X	X	X	X	X	X	X	X
	conserved hypothetical protein	2.3291678556	-0.5480673874	-0.3941536407	X	X	X	X	X	X	X	X	X	X	X	X	X	ENC_02685	BN373_10441	ERS227112_02898	X	X	X	X	X	X	X	X	X	X	X	X	X
	conserved hypothetical protein	2.3521352826	-0.5698028036	X	X	X	X	X	X	X	X	X	X	X	X	X	X	ENC_02678	BN373_10191	X	X	X	X	X	X	X	X	X	X	X	X	X	X
	conserved hypothetical protein	2.4203137773	-0.1432180682	0.3445781188	X	X	X	X	X	X	X	X	X	X	X	X	X	ENC_02657	BN373_09821	ERS227112_05436	X	X	X	X	X	X	X	X	X	X	X	X	X
	conserved hypothetical protein	2.7267668362	-0.0971752299	-0.3791995014	X	X	X	X	X	X	X	X	X	X	X	X	X	ENC_02686	BN373_10451	ERS227112_02899	X	X	X	X	X	X	X	X	X	X	X	X	X
	conserved hypothetical protein	5.0489696959	-0.4383207312	-0.3191607836	X	X	X	X	X	X	X	X	X	X	X	X	X	ENC_02688	BN373_10471	ERS227112_02901	X	X	X	X	X	X	X	X	X	X	X	X	X
	conserved hypothetical protein	X	1.7852110577	0.5088787199	X	X	X	X	X	X	X	X	X	X	X	X	X	X	BN373_30371	ERS227112_04213	X	X	X	X	X	X	X	X	X	X	X	X	X
	conserved hypothetical protein	X	-1.0225503872	1.9472782097	X	X	X	X	X	X	X	X	X	X	X	X	X	X	BN373_09851	ERS227112_02845	X	X	X	X	X	X	X	X	X	X	X	X	X
	conserved hypothetical protein	X	0.4796152231	2.5945342557	X	X	X	X	X	X	X	X	X	X	X	X	X	X	BN373_18941	ERS227112_05459A	X	X	X	X	X	X	X	X	X	X	X	X	X
	conserved hypothetical protein	X	0.7740241679	1.8453870255	X	X	X	X	X	X	X	X	X	X	X	X	X	X	BN373_02581	ERS227112_02123A	X	X	X	X	X	X	X	X	X	X	X	X	X
	conserved hypothetical protein	X	1.5293850737	2.1089164071	X	X	X	X	X	X	X	X	X	X	X	X	X	X	BN373_05261	ERS227112_02375B	X	X	X	X	X	X	X	X	X	X	X	X	X
	conserved hypothetical protein	X	-0.3772371133	1.6457213606	X	X	X	X	X	X	X	X	X	X	X	X	X	X	BN373_29411	ERS227112_04308A	X	X	X	X	X	X	X	X	X	X	X	X	X
	conserved hypothetical protein	X	-0.2232120725	2.0859764586	X	X	X	X	X	X	X	X	X	X	X	X	X	X	BN373_09801	ERS227112_02839	X	X	X	X	X	X	X	X	X	X	X	X	X
	conserved hypothetical protein	X	X	X	X	1.7177806376	-0.2855794254	X	X	X	X	X	X	X	X	X	X	X	X	X	X	SL1344_2713	SL3261_2713	X	X	X	X	X	X	X	X	X	X
	conserved hypothetical protein	X	X	X	X	X	X	1.2537752398	1.6462568074	X	X	X	X	X	X	X	X	X	X	X	X	X	X	STMMW_39721	STM_MW39721	X	X	X	X	X	X	X	X
	conserved hypothetical protein	X	X	X	X	0.9390814933	1.9547039508	2.2135424084	2.2708603889	X	X	X	X	X	X	X	X	X	X	X	X	SL1344_4354A	SL3261_4354A	STMMW_43661	STM_MW43661	X	X	X	X	X	X	X	X
	conserved hypothetical protein	X	X	X	X	1.088486146	1.1167341413	2.4040879213	1.3122194422	X	X	X	X	X	X	X	X	X	X	X	X	SL1344_4191	SL3261_4191	STMMW_42051	STM_MW42051	X	X	X	X	X	X	X	X
	conserved hypothetical protein	X	X	X	X	1.9629471926	1.9293187866	1.4291734476	0.39501818	X	0.3345560227	X	X	X	X	X	X	X	X	X	X	SL1344_0707	SL3261_0707	STMMW_07821	STM_MW07821	X	t2151	X	X	X	X	X	X
	conserved hypothetical protein	X	X	X	X	0.9811187697	0.9806053072	1.3162637724	1.5089129472	2.434390507	1.8665000216	X	X	X	X	X	X	X	X	X	X	SL1344_3134	SL3261_3134	STMMW_31201	STM_MW31201	SEN3003	t3080	X	X	X	X	X	X
	conserved hypothetical protein	X	X	X	X	X	X	X	X	X	X	1.6818319223	1.1705562655	X	1.0691161158	X	X	X	X	X	X	X	X	X	X	X	X	EC958_2295	NCTC13441_01776	X	ETEC_2087	X	X
	conserved hypothetical protein	X	X	X	X	X	X	X	X	X	X	-0.26279313	0.1585314632	X	2.5849435774	X	X	X	X	X	X	X	X	X	X	X	X	EC958_1452	NCTC13441_02660	X	ETEC_1963	X	X
	DNA-binding transcriptional regulator DicC	X	X	X	X	X	X	X	X	X	X	0.650863552	2.0664321148	X	X	X	X	X	X	X	X	X	X	X	X	X	X	EC958_4915	NCTC13441_02568	X	X	X	X
	glycosyl transferase, group 2 family protein	0.1906358759	2.6183440314	3.2626182656	X	X	X	X	X	X	X	X	X	X	X	X	X	ENC_00246	BN373_46161	ERS227112_00604	X	X	X	X	X	X	X	X	X	X	X	X	X
	HicB family protein,Uncharacterized protein encoded in hypervariable junctions of pilus gene clusters,HicB family	X	-0.9761960818	X	1.664372198	X	X	X	X	X	X	X	X	-0.7773520289	X	X	X	X	BN373_44911	X	ROD_43151	X	X	X	X	X	X	X	X	CS17_03902	X	X	X
	hypothetical prophage protein	X	X	X	0.280947367	X	X	X	X	X	X	X	X	2.4612845815	X	X	X	X	X	X	ROD_19971	X	X	X	X	X	X	X	X	CS17_02930	X	X	X
	hypothetical protein	1.6830453442	X	0.2383407126	X	X	X	X	X	X	X	X	X	X	X	X	X	ENC_02663	X	ERS227112_02851	X	X	X	X	X	X	X	X	X	X	X	X	X
	hypothetical protein	1.755106454	X	-0.2028985186	X	X	X	X	X	X	X	X	X	X	X	X	X	ENC_01693	X	ERS227112_05334	X	X	X	X	X	X	X	X	X	X	X	X	X
	hypothetical protein	1.9592005468	X	-0.1269668321	X	X	X	X	X	X	X	-0.5079713511	-0.2928104284	X	X	X	X	ENC_02673	X	ERS227112_05413	X	X	X	X	X	X	X	EC958_4885	NCTC13441_02753	X	X	X	X
	hypothetical protein	X	X	2.2744290575	X	X	X	X	X	X	X	-0.70968524	0.3644741116	X	X	X	X	X	X	ERS227112_00177	X	X	X	X	X	X	X	EC958_3283	NCTC13441_04935	X	X	X	X
	hypothetical protein	X	0.9796209312	X	X	X	X	X	X	X	1.7386826717	X	X	X	X	X	X	X	BN373_40271	X	X	X	X	X	X	X	t3001	X	X	X	X	X	X
	hypothetical protein	X	X	X	X	0.2157319231	0.1382671922	X	X	1.8323218571	X	X	X	X	X	X	X	X	X	X	X	SL1344_1481	SL3261_1481	X	X	SEN1501	X	X	X	X	X	X	X
	hypothetical protein	X	X	X	X	0.726508004	0.1853451754	0.5994902655	1.3759536081	1.4364989996	1.8195322049	X	X	X	X	X	X	X	X	X	X	SL1344_4383	SL3261_4383	STMMW_43971	STM_MW43971	SEN4203	t4487	X	X	X	X	X	X
	hypothetical protein	X	X	X	X	1.5237187748	1.7838839964	X	X	X	2.0839285782	X	X	X	X	X	X	X	X	X	X	SL1344_4084	SL3261_4084	X	X	X	t3486	X	X	X	X	X	X
	hypothetical protein	X	X	X	X	0.2528597149	0.3514939401	0.4708000561	1.2847709169	0.679726275	1.8413867949	X	X	X	X	X	X	X	X	X	X	SL1344_4323	SL3261_4323	STMMW_43341	STM_MW43341	SEN4156	t4441	X	X	X	X	X	X
	hypothetical protein	X	X	X	X	0.7656316911	0.7058606054	0.3907256252	1.0351468522	1.3084406269	2.6425715594	X	X	X	X	X	X	X	X	X	X	SL1344_2298	SL3261_2298	STMMW_23511	STM_MW23511	SEN2311	t0535	X	X	X	X	X	X
	hypothetical protein	X	X	X	0.6700719775	1.8974455276	1.5779343382	X	X	X	1.4954872397	X	X	X	X	X	X	X	X	X	ROD_20781	SL1344_1989	SL3261_1989	X	X	X	t0860	X	X	X	X	X	X
	hypothetical protein	X	X	X	X	X	X	X	X	X	X	1.7276210416	0.4024369006	X	X	X	X	X	X	X	X	X	X	X	X	X	X	EC958_2136	NCTC13441_01966	X	X	X	X
	hypothetical protein	X	X	X	X	X	X	X	X	X	X	1.6112443576	2.2079000331	X	X	X	X	X	X	X	X	X	X	X	X	X	X	EC958_4845	NCTC13441_03735	X	X	X	X
	hypothetical protein	X	X	X	X	X	X	X	X	X	X	X	1.2416021618	1.8508720027	X	X	X	X	X	X	X	X	X	X	X	X	X	X	NCTC13441_03802	CS17_00184	X	X	X
	hypothetical protein	X	X	X	X	X	X	X	X	X	1.8575022035	-0.4494831363	0.1333365738	X	X	X	X	X	X	X	X	X	X	X	X	X	t1394	EC958_1116	NCTC13441_02984	X	X	X	X
	hypothetical protein	X	X	X	X	-0.7499889451	-0.1982160341	-0.1451245346	-0.084850037	-0.097479299	X	0.309626072	1.7067077299	X	X	X	X	X	X	X	X	SL1344_1975	SL3261_1975	STMMW_20331	STM_MW20331	SEN1965A	X	EC958_4948	NCTC13441_01917	X	X	X	X
	inner membrane protein	X	X	X	X	0.6158242653	0.5943154924	1.2025175892	1.8500357808	X	X	X	X	X	X	X	X	X	X	X	X	SL1344_0892	SL3261_0892	STMMW_09661	STM_MW09661	X	X	X	X	X	X	X	X
	Pathogenesis-related transcriptional factor and ERF protein	2.6567257995	1.4973052131	0.0971692008	X	X	X	X	X	X	X	X	X	X	X	X	X	ENC_02671	BN373_09861	ERS227112_02863	X	X	X	X	X	X	X	X	X	X	X	X	X
	predicted antirepressor protein Cro	X	0.1858200088	1.9692721326	X	X	X	X	X	X	X	X	X	X	X	X	X	X	BN373_09951	ERS227112_02849	X	X	X	X	X	X	X	X	X	X	X	X	X
	predicted prophage protein	2.2368858828	X	X	0.5460275276	X	X	-0.2254101201	-0.0248892395	X	X	X	X	X	X	X	X	ENC_02668	X	X	ROD_02781	X	X	STMMW_03601	STM_MW03601	X	X	X	X	X	X	X	X
	predicted prophage protein	X	X	X	X	X	X	2.4572413301	-0.1161736383	X	X	X	X	X	X	X	X	X	X	X	X	X	X	STMMW_03461	STM_MW03461	X	X	X	X	X	X	X	X
	prepilin peptidase dependent protein C	X	2.0986604559	-0.060304017	X	X	X	X	X	X	X	X	X	X	X	X	X	X	BN373_00591	ERS227112_01923B	X	X	X	X	X	X	X	X	X	X	X	X	X
	prophage CP-933T hypothetical protein	X	X	X	-0.092584906	X	X	X	X	X	X	X	X	1.7474888014	X	X	X	X	X	X	ROD_36891	X	X	X	X	X	X	X	X	CS17_02929	X	X	X
	Protein of unknwon function (DUF2893)	X	-0.0423639366	3.5783126174	0.2976856203	X	X	X	X	X	X	0.2061615164	-0.2114082972	X	X	X	X	X	BN373_00951	ERS227112_01959	ROD_35241	X	X	X	X	X	X	EC958_0427	NCTC13441_03687	X	X	X	X
	putative cation transporter (pseudogene)	X	X	X	X	0.9642662021	2.0984952826	2.3590876226	0.5252035319	0.7728881668	X	X	X	X	X	X	X	X	X	X	X	SL1344_0742	SL3261_0742	STMMW_08171	STM_MW08171	SEN0710	X	X	X	X	X	X	X
	putative glycosyltransferase, cell wall biogenesis	X	X	X	X	1.8033746236	0.9287202432	0.7601102025	-0.2159275013	X	X	X	X	X	X	X	X	X	X	X	X	SL1344_0706	SL3261_0706	STMMW_07811	STM_MW07811	X	X	X	X	X	X	X	X
	putative membrane protein	X	X	X	0.7293592221	2.5606003756	2.0655476253	2.8548774549	0.7215984412	0.6806464425	X	X	X	X	X	X	X	X	X	X	ROD_16181	SL1344_1560	SL3261_1560	STMMW_16251	STM_MW16251	SEN1423	X	X	X	X	X	X	X
	putative phage protein	X	X	0.0531573157	X	X	X	X	X	X	X	X	X	X	3.0255755032	X	X	X	X	ERS227112_03683	X	X	X	X	X	X	X	X	X	X	ETEC_2654	X	X
	putative phage protein	X	X	X	X	X	X	X	X	X	X	X	X	0.7485684329	1.7440828312	X	X	X	X	X	X	X	X	X	X	X	X	X	X	CS17_02099	ETEC_1972	X	X
	putative phage related protein	X	X	X	X	X	X	X	X	X	X	2.1019039675	1.9781421002	X	-1.5800309708	X	X	X	X	X	X	X	X	X	X	X	X	EC958_2158	NCTC13441_01940	X	ETEC_3919	X	X
	putative phage terminase, small subunit	2.6511665848	X	-0.2615843739	X	X	X	X	X	X	X	X	X	X	-0.4386732521	X	X	ENC_02677	X	ERS227112_03714	X	X	X	X	X	X	X	X	X	X	ETEC_2641	X	X
	putative prophage ATP/GTP binding protein,cytochrome c biogenesis protein CcmA,Predicted ATP-binding protein involved in virulence,putative bacteriocin export ABC transporter, lactococcin 972 group,RecF/RecN/SMC N terminal domain	X	X	X	X	2.2760246812	-0.3591988717	-0.3064582882	1.4814356929	X	X	X	X	-1.6661313515	X	X	X	X	X	X	X	SL1344_2730	SL3261_2730	STMMW_27131	STM_MW27131	X	X	X	X	CS17_00116	X	X	X
	putative prophage protein	1.9609006757	X	X	X	X	X	X	X	X	X	-0.4777666722	-0.0329628191	-0.4386609056	0.0555820072	X	X	ENC_04040	X	X	X	X	X	X	X	X	X	EC958_4859	NCTC13441_03078	CS17_02121	ETEC_1997	X	X
	putative prophage protein	X	X	X	X	1.9099017849	2.4120088875	0.6915169066	X	X	X	X	X	X	X	X	X	X	X	X	X	SL1344_2593	SL3261_2593	STMMW_26461	X	X	X	X	X	X	X	X	X
	ROK family protein	X	0.828049862	2.1440235529	X	X	X	X	X	X	X	X	X	X	X	X	X	X	BN373_28791	ERS227112_04367A	X	X	X	X	X	X	X	X	X	X	X	X	X
	transcriptional activator protein	X	0.0652025274	1.7685826777	X	X	X	-0.2323154754	-0.0775551882	X	X	X	X	X	0.2319372382	X	X	X	BN373_09961	ERS227112_02850	X	X	X	STMMW_03561	STM_MW03561	X	X	X	X	X	ETEC_0795	X	X
