Gene	Product	EnClNCTC9394 NPEQ	KlPnEcl8 NPEQ	KlPnRH201207 NPEQ	CiRoICC168 NPEQ	SaTySL1344 NPEQ	SaTySL3261 NPEQ	SaTyD23580 NPEQ	SaTyA130 NPEQ	SaEnP125109 NPEQ	SaTyTy2 NPEQ	EsCoEC958 NPEQ	EsCoST131 NPEQ	EsCoBW25113 NPEQ	EsCoMG1655 NPEQ	EnClNCTC9394 locus tag	KlPnEcl8 locus tag	KlPnRH201207 locus tag	CiRoICC168 locus tag	SaTySL1344 locus tag	SaTySL3261 locus tag	SaTyD23580 locus tag	SaTyA130 locus tag	SaEnP125109 locus tag	SaTyTy2 locus tag	EsCoEC958 locus tag	EsCoST131 locus tag	EsCoBW25113 locus tag	EsCoMG1655 locus tag
ftsK	DNA translocase FtsK	0.959608134851481	1.29204043983777	-0.169952768633821	0.849592959096961	1.19558378198012	0.551358016489962	1.07251581821497	0.234826398907416	0.917021983199297	0.385150763544322	1.77397948381196	0.927977063172321	1.96727788928348	-4.5	ENC_206added	BN373_15381	ERS227112_03409	ROD_09541	SL1344_0898	SL3261_0898	STMMW_09721	STM_MW09721	SEN0864	t1974	EC958_1002	NCTC13441_03103	BW25113_0890	b0890
acrB	The (Largely Gram-negative Bacterial) Hydrophobe/Amphiphile Efflux-1 (HAE1) Family	2.47123237224517	2.57207222821114	-4.5	2.24915018294953	1.61491891612253	2.51606520361216	2.063136182669	1.54036729656146	2.00079827414185	2.16390713064259	1.37225194113219	2.07002176488255	2.60421140863316	4.5	ENC_22660	BN373_09311	ERS227112_02796	ROD_05171	SL1344_0468	SL3261_0468	STMMW_05451	STM_MW05451	SEN0456	t2385	EC958_0601	NCTC13441_03516	BW25113_0462	b0462
sucA	2-oxoglutarate dehydrogenase E1 component	0.0405202214238669	1.3347492219307	0.880001465880299	1.33398506886711	1.90945575893962	1.3778558486982	1.02707091322692	0.653836857650318	1.34724896303383	-1.36190478407491	0.988178053407587	0.821286278805519	0.727810564448176	4.5	ENC_20130	BN373_13051	ERS227112_03175	ROD_07231	SL1344_0718	SL3261_0718	STMMW_07931	STM_MW07931	SEN0686	t2140	EC958_0840	NCTC13441_03270	BW25113_0726	b0726
aceE	pyruvate dehydrogenase E1 component, homodimeric type	1.2696037409021	2.04379832636449	0.252180631437351	1.5864429926532	0.110527516961495	0.932791378475484	0.953511420478354	-0.313692291992944	0.774685979726556	-1.60506845440978	0.876710288896715	-0.322056879055905	1.60599417990465	4.5	ENC_46270	BN373_06081	ERS227112_02456	ROD_01201	SL1344_0152	SL3261_0152	STMMW_01581	STM_MW01581	SEN0156	t0158	EC958_0256	NCTC13441_03867	BW25113_0114	b0114
acnB	aconitase	2.6081987806114	1.98769382336673	-0.176944006956929	1.93753381447079	2.23720754423673	2.04120189104166	1.93289879630874	0.948735842206711	1.53087159116819	0.36018977319122	1.09165106496073	1.30664942337634	1.99789600159501	4.5	ENC_46340	BN373_06141	ERS227112_02462	ROD_01251	SL1344_0159	SL3261_0159	STMMW_01641	STM_MW01641	SEN0162	t0164	EC958_0260	NCTC13441_03863	BW25113_0118	b0118
polA	DNA polymerase I	-1.9714971958707	1.51660483727589	-4.5	1.48185801852183	0.191174094730682	1.08359437151678	-1.26222440562338	-0.83984173615512	-1.42056525625759	-2.48518005052338	1.0619313130909	0.467979272679753	-0.379589763435037	-4.5	ENC_1added	BN373_48041	ERS227112_00414	ROD_38971	SL1344_3947	SL3261_3947	STMMW_39641	STM_MW39641	SEN3788	t3621	EC958_4341	NCTC13441_04638	BW25113_3863	b3863
topA	DNA topoisomerase I	-1.12462431449132	-1.07588302822608	-4.5	-0.0482584830872072	-0.728657524576826	-1.58998764082403	0.36222654811364	-1.39341229066113	-0.804140278164272	0.14122350148259	-2.13983985101626	-4.5	-1.76991910511494	-4.5	ENC_08330	BN373_18951	ERS227112_05459	ROD_17291	SL1344_1646	SL3261_1646	STMMW_17101	STM_MW17101	SEN1319	t1627	EC958_1604	NCTC13441_02492	BW25113_1274	b1274
rne	Ribonuclease E	1.3201630753896	0.847063662092076	0.510044309319322	0.931074816507649	0.741133093327233	0.363872880829786	0.835418682108726	0.105259090493993	-0.59535732964009	-0.0992997843427189	1.01266188183508	0.570068480158596	0.704607074293308	-4.5	ENC_183added	BN373_16971	ERS227112_03560	ROD_11461	SL1344_1122	SL3261_1122	STMMW_11931	STM_MW11931	SEN1863	t1734	EC958_1279	NCTC13441_02828	BW25113_1084	b1084
lon	ATP-dependent proteinase. Serine peptidase. MEROPS family S16	2.06496592811897	2.39779395704871	1.9087079951866	2.06424888628334	1.50759251047995	2.24053360170362	1.91280874096696	0.803514575880009	1.78943164577723	-0.370141838626036	2.36616927629841	1.67218633762832	1.59418222899956	4.5	ENC_23050	BN373_08901	ERS227112_02753	ROD_04941	SL1344_0444	SL3261_0444	STMMW_05211	STM_MW05211	SEN0432	t2410	EC958_0578	NCTC13441_03539	BW25113_0439	b0439
pnp	Polyribonucleotide nucleotidyltransferase	2.6256655635781	2.37976488033979	1.86351063767945	2.18462217783557	2.05563378435157	1.98433049975528	2.07472010622577	1.5707947603683	1.90393572892655	2.09080566376107	1.94828271210367	1.59306313325108	-1.39944678625613	4.5	ENC_414added	BN373_42241	ERS227112_01029	ROD_46681	SL1344_3255	SL3261_3255	STMMW_32821	STM_MW32821	SEN3117	t3200	EC958_3566	NCTC13441_00531	BW25113_3164	b3164
spoT	Bifunctional (p)ppGpp synthase/hydrolase SpoT	1.77281360364113	1.53616855907392	-0.463842362151124	0.727409888185327	1.22712697340142	1.44322259323472	0.7756508512794	1.06107318231602	1.01710600674002	-0.0631312181376593	1.30868959976969	0.63636739581005	0.946446492993259	-4.5	ENC_26added	BN373_46401	ERS227112_00581	ROD_41661	SL1344_3708	SL3261_3708	STMMW_37311	STM_MW37311	SEN3564	t3776	EC958_4057	NCTC13441_00034	BW25113_3650	b3650
priA	replication restart DNA helicase PriA	-3.14185513460634	-2.50845039115811	-3.22809023649999	-2.14396993985956	-1.84994363056222	-0.891762052011686	-1.44549518000782	-4.5	-2.68654490915664	-3.01968410600352	-2.39320512780578	-2.94734988165901	0.305187043789972	4.5	ENC_00980	BN373_48631	ERS227112_00352	ROD_38111	SL1344_4044	SL3261_4044	STMMW_40601	STM_MW40601	SEN3885	t3523	EC958_4420	NCTC13441_04565	BW25113_3935	b3935
tktA	transketolase	1.06184058005239	1.9858802308431	1.64530687001315	2.00414884225202	2.06064764692249	1.65030957553898	1.801701349859	1.18728298838803	1.46275081656323	-1.85162595557877	1.57516945508889	0.930322111845652	1.91408077418235	4.5	ENC_31720	BN373_40211	ERS227112_01308	ROD_50511	SL1344_3052	SL3261_3052	STMMW_30371	STM_MW30371	SEN2919	t2996	EC958_3220	NCTC13441_00816	BW25113_2935	b2935
rep	ATP-dependent DNA helicase Rep	0.687864933697637	0.554519328997203	-0.993569189224598	1.57831681062301	-1.15413882894074	0.950205961538103	-0.243185375229858	-1.16872821927079	0.277780810348643	-0.341161772514945	1.5973535128307	0.351843474371056	2.00595515602933	4.5	ENC_02230	BN373_49041	ERS227112_01746	ROD_39691	SL1344_3872	SL3261_3872	STMMW_38881	STM_MW38881	SEN3718	t3384	EC958_4240	NCTC13441_04744	BW25113_3778	b3778
hflB	membrane protease FtsH catalytic subunit	-4.5	-1.5700872784183	-4.5	-1.52570676124569	-4.5	0.0125490402162357	-1.52228863854875	-4.5	-3.42139279567475	-4.5	-3.18381369807191	-2.76762603005777	-1.66769915114054	-4.5	ENC_34130	BN373_42381	ERS227112_01011	ROD_46431	SL1344_3268	SL3261_3268	STMMW_32951	STM_MW32951	SEN3129	t3213	EC958_3578	NCTC13441_00515	BW25113_3178	b3178
mrdA	peptidoglycan glycosyltransferase /cell elongation-specific peptidoglycan D,D-transpeptidase	-4.5	-0.49405643911848	-0.401884809325744	0.0123107729053007	-1.06779078585273	0.0856022003444987	-1.75183911047769	-4.5	-0.320404759501684	-4.5	-0.0714878393642933	-4.5	-4.5	-4.5	ENC_20740	BN373_12471	ERS227112_03109	ROD_06531	SL1344_0628	SL3261_0628	STMMW_07051	STM_MW07051	SEN0609	t2227	EC958_0754	NCTC13441_03360	BW25113_0635	b0635
bcsB	Bacterial cellulose synthase subunit.	2.82722914553853	2.25782524532866	1.8623404861185	2.32124834051229	2.20555720884601	2.20635935946258	2.09472800611438	1.84669832189274	1.74757584698552	1.8670175902178	2.36833114211946	2.47991712461303	2.16038180442117	-4.5	ENC_27300	BN373_45191	ERS227112_00702	ROD_42751	SL1344_3583	SL3261_3583	STMMW_36071	STM_MW36071	SEN3441	t3899	EC958_3937	NCTC13441_00157	BW25113_3532	b3532
dnaK	chaperone protein DnaK	-0.699680108235007	0.661670247771881	-2.57507391261917	-2.52661378088686	0.676429243220438	-0.637630252359329	-0.727721196567646	-1.06100990645824	0.291062446665901	-2.14461131509969	1.41591748387005	-0.359015945355728	-0.546657038699926	4.5	ENC_45370	BN373_04961	ERS227112_02349	ROD_00101	SL1344_0012	SL3261_0012	STMMW_00111	STM_MW00111	SEN0011	t0012	EC958_0146	NCTC13441_03979	BW25113_0014	b0014
glmS	glutamine--fructose-6-phosphate transaminase	-3.22398355655354	-1.53624686068584	-4.5	-4.5	0.701859661008646	-1.63820358810526	-1.82879112147057	-0.990838127127782	-0.796282926349459	0.475249707343356	-0.999774675403621	-2.23242336865226	-1.03346257584291	-4.5	ENC_04150	BN373_47701	ERS227112_00449	ROD_40111	SL1344_3828	SL3261_3828	STMMW_38461	STM_MW38461	SEN3675	t3658	EC958_4202	NCTC13441_04788	BW25113_3729	b3729
aceF	pyruvate dehydrogenase complex dihydrolipoamide acetyltransferase, long form	0.91333732068603	1.92031382711569	-0.233181433938505	1.22390367627577	0	-0.0910065041883512	0.399763647954011	-0.304961670048924	0.362759310196409	-2.63930382456336	0.759526031431949	-0.671923975978378	0.298950655464867	4.5	ENC_46280	BN373_06091	ERS227112_02457	ROD_01211	SL1344_0153	SL3261_0153	STMMW_01591	STM_MW01591	SEN0157	t0159	EC958_0257	NCTC13441_03866	BW25113_0115	b0115
hscA	Fe-S protein assembly chaperone HscA	2.28547332984174	2.01373885577836	-2.84875177068954	2.42698487245283	1.9666591642891	2.06559818687213	-1.6792754185375	1.36773159648558	1.57867200544902	0.750723179813398	1.19728365143676	0.27062849049619	-0.0785016934939076	4.5	ENC_37280	BN373_35151	ERS227112_00058	ROD_24701	SL1344_2501	SL3261_2501	STMMW_25561	STM_MW25561	SEN2519	t0317	EC958_2836	NCTC13441_01210	BW25113_2526	b2526
pgm	phosphoglucomutase, alpha-D-glucose phosphate-specific	2.2690768916649	2.16208124695796	-2.00044776775584	1.67175663860836	1.94190506311401	2.16331653084478	1.65555956032533	0.696654016972353	1.39280283894638	-0.88055138477639	2.01099832066618	1.04695250815224	1.85910320996932	4.5	ENC_20380	BN373_12821	ERS227112_03152	ROD_06961	SL1344_0680	SL3261_0680	STMMW_07561	STM_MW07561	SEN0662	t2177	EC958_0806	NCTC13441_03303	BW25113_0688	b0688
guaA	GMP synthase (glutamine-hydrolyzing)	1.96179446169234	2.03104704750998	0.439649805890077	2.08632048373474	1.1049546803587	1.81523061250215	1.60166198675962	0.139967312222105	0.900876489478734	1.62166096959743	1.17408584185676	1.56731857734338	-4.5	4.5	ENC_37610	BN373_34931	ERS227112_00079	ROD_24481	SL1344_2471	SL3261_2471	STMMW_25271	STM_MW25271	SEN2490	t0347	EC958_2814	NCTC13441_01232	BW25113_2507	b2507
cydA	cytochrome bd quinol oxidase subunit 1 apoprotein	-1.88598321173547	2.09419652048583	2.46337333982957	1.57580175802861	-1.3228945249513	-0.387423537662972	0.28622032042128	-0.161678396490544	0.508065727277845	1.09617401151111	0.824016369144516	-4.5	-0.220640837389767	-4.5	ENC_20050	BN373_13101	ERS227112_03179	ROD_07271	SL1344_0722	SL3261_0722	STMMW_07971	STM_MW07971	SEN0690	t2136	EC958_0850	NCTC13441_03262	BW25113_0733	b0733
cydD	ABC transporter, CydDC cysteine exporter (CydDC-E) family, permease/ATP-binding protein CydD	-4.5	1.9409313560377	2.06854798180234	0.682854628330513	-0.886604240800087	-0.669159037271277	0.137115187846422	-1.47211494863486	-0.425872624219559	0.684430732666065	1.276193520526	-4.5	-4.5	4.5	ENC_17950	BN373_15351	ERS227112_03406	ROD_09511	SL1344_0895	SL3261_0895	STMMW_09691	STM_MW09691	SEN0861	t1977	EC958_0999	NCTC13441_03106	BW25113_0887	b0887
lysS	Lysine--tRNA ligase	-0.677146267446689	-0.290322319059204	-2.31305379788315	-4.5	-2.82012241006631	-4.5	-1.55951244869894	-4.5	-0.958909128910574	-1.85084077252439	-0.443489944425955	-0.42390395907745	0	4.5	ENC_373added	BN373_39851	ERS227112_01345	ROD_49431	SL1344_3016	SL3261_3016	STMMW_30001	STM_MW30001	SEN2883	t2958	EC958_3171	NCTC13441_00865	BW25113_2890	b2890
cydC	Putative multidrug export ATP-binding/permease protein	-4.5	1.76391730272899	2.00956746011338	0.997510811074165	-0.726576776921466	-0.132408589444708	0.165117372315199	-1.44506586332555	-0.132070048575619	0.560378673927244	1.21414784237768	-2.00498150861514	-1.7384822537496	-4.5	ENC_207added	BN373_15341	ERS227112_03405	ROD_09501	SL1344_0894	SL3261_0894	STMMW_09681	STM_MW09681	SEN0860	t1978	EC958_0998	NCTC13441_03107	BW25113_0886	b0886
nusA	transcription termination factor NusA/transcription termination factor NusA, C-terminal duplication	-0.0659198415586289	-4.5	-1.40838643187405	0.0207588711995379	-0.264024916647932	-0.15792779942332	-0.572340078621673	-1.87839275572192	-0.974353970800006	-0.766981035083095	-0.103699234150395	0.214656112588429	-4.5	-4.5	ENC_34070	BN373_42291	ERS227112_01023	ROD_46631	SL1344_3260	SL3261_3260	STMMW_32871	STM_MW32871	SEN3122	t3205	EC958_3571	NCTC13441_00525	BW25113_3169	b3169
lpdA	dihydrolipoamide dehydrogenase	-1.31439183446898	0.801623736176212	-4.5	-0.69757694587837	-0.713816247270978	-2.57848847940877	-0.296740503864064	-1.63061343235087	0.167268003201335	-2.3528419954229	-2.08632461102746	-4.5	0.679121941732903	4.5	ENC_46290	BN373_06101	ERS227112_02458	ROD_01221	SL1344_0154	SL3261_0154	STMMW_01601	STM_MW01601	SEN0158	t0160	EC958_0258	NCTC13441_03865	BW25113_0116	b0116
cysS	cysteinyl-tRNA synthetase	-2.63576456032811	-1.47832756701489	-4.5	-4.5	-4.5	-4.5	2.37883628787373	-1.17777272889732	-0.802901711691259	-4.5	-4.5	-4.5	-4.5	-4.5	ENC_22230	BN373_09711	ERS227112_02833	ROD_05581	SL1344_0530	SL3261_0530	STMMW_06051	STM_MW06051	SEN0518	t2324	EC958_0665	NCTC13441_03449	BW25113_0526	b0526
hldE	D-alpha,beta-D-heptose 7-phosphate 1-kinase /D-beta-D-heptose 1-phosphate adenylyltransferase	0.414571297273986	-4.5	-4.5	0.202963429389269	1.22895834955432	1.28218677951999	1.33211181857147	-0.100406793184627	0.859470547770398	-4.5	-2.30601002186602	-0.290183689008764	1.661108186274	4.5	ENC_32900	BN373_41091	ERS227112_01150	ROD_35951	SL1344_3173	SL3261_3173	STMMW_31611	STM_MW31611	SEN3042	t3120	EC958_3456	NCTC13441_00640	BW25113_3052	b3052
purB	Adenylosuccinate lyase	-0.399729505625201	0.673480341172974	-0.391425317564595	0.547392783106993	0.465511838627707	0.329738341687899	0.821875512034753	0.545898132332105	0.725649759614764	-0.678671577401166	-0.159285420216781	1.04663546660021	-4.5	-4.5	ENC_15040	BN373_17561	ERS227112_03609	ROD_12211	SL1344_1170	SL3261_1170	STMMW_12421	STM_MW12421	SEN1817	t1688	EC958_1328	NCTC13441_02781	BW25113_1131	b1131
eno	enolase	-4.5	-0.413886629404275	-4.5	-1.46913598722645	-4.5	-4.5	-4.5	-1.55059858293361	-1.49224369904929	-4.5	0.396546049774255	-2.15931274922492	-4.5	-4.5	ENC_30220	BN373_37671	ERS227112_01537	ROD_30351	SL1344_2931	SL3261_2931	STMMW_29151	STM_MW29151	SEN2791	t2853	EC958_3048	NCTC13441_00995	BW25113_2779	b2779
clpX	ATP-dependent Clp protease ATP-binding subunit ClpX	1.8140179632091	2.27865031770167	2.04584524451671	1.88606244898269	0.71509150973184	1.1379604483816	-1.31265436557711	-0.980927040682571	-0.123068420248302	1.51259084581306	2.1057352033028	2.0935600141944	2.38337249491865	4.5	ENC_23060	BN373_08891	ERS227112_02751	ROD_04931	SL1344_0443	SL3261_0443	STMMW_05201	STM_MW05201	SEN0431	t2411	EC958_0577	NCTC13441_03541	BW25113_0438	b0438
hemL	glutamate-1-semialdehyde 2,1-aminomutase	0.21194100452078	1.96015441397718	-1.16369961025501	-0.829468097258352	0.747204949448685	1.98339123429468	1.10990138777467	-4.5	-0.960059843791537	-0.728372538544723	-0.935156592992425	-1.49045614892184	-0.0173809319057274	-4.5	ENC_46750	BN373_06601	ERS227112_02510	ROD_01581	SL1344_0203	SL3261_0203	STMMW_02081	STM_MW02081	SEN0207	t0203	EC958_0302	NCTC13441_03822	BW25113_0154	b0154
icd	isocitrate dehydrogenase (NADP)	0.897577035893903	0.359889599894896	-4.5	0.189281478414419	1.5591340033356	1.4511651275361	1.53751334990697	0.245873357892501	1.09055798729307	-0.365851507589122	-1.44988384924007	-0.760447419773653	1.25072407533559	4.5	ENC_14990	BN373_17611	ERS227112_03614	ROD_12261	SL1344_1176	SL3261_1176	STMMW_12481	STM_MW12481	SEN1811	t1682	EC958_1333	NCTC13441_02776	BW25113_1136	b1136
glyA	serine hydroxymethyltransferase	-1.56954712016912	-1.34664175362222	-4.5	1.65859576064714	0.556381183902876	1.59676189227126	-4.5	0.41597778237454	-1.24624436958829	-0.154086078034975	-1.60460284812513	-4.5	-4.5	4.5	ENC_37150	BN373_35341	ERS227112_00039	ROD_24931	SL1344_2517	SL3261_2517	STMMW_25721	STM_MW25721	SEN2535	t0301	EC958_2857	NCTC13441_01190	BW25113_2551	b2551
tolC	type I secretion outer membrane protein, TolC family	2.74661116391974	2.61825136386352	-2.47282876843907	2.26001981662188	1.71618083788752	2.6878047070632	2.31610319070771	1.56987039075151	2.1027623970752	2.16502168517598	2.02243126526521	2.18987704422685	2.29876666982017	4.5	ENC_32790	BN373_41011	ERS227112_01159	ROD_35821	SL1344_3160	SL3261_3160	STMMW_31461	STM_MW31461	SEN3029	t3107	EC958_3438	NCTC13441_00660	BW25113_3035	b3035
wzyE	WzyE protein.	2.40109253126851	2.5185324900124	1.99795274229549	0.833159460637242	-4.5	-1.41442364621042	-1.14894758324593	-4.5	-0.981704279243194	-4.5	1.47864744947669	1.00643718906765	-4.5	-4.5	ENC_02100	BN373_49221	ERS227112_01764	ROD_39531	SL1344_3887	SL3261_3887	STMMW_39031	STM_MW39031	SEN3733	t3369	EC958_4256	NCTC13441_04729	BW25113_3793	b3793
rseP	RIP metalloprotease RseP	0.183622527365978	0.392974562490122	-1.60858645052571	1.26362608842359	2.13700882991488	2.12870123661158	1.65259347083233	1.51005407721917	1.24847829482755	-4.5	1.41227724007864	-0.0447166038781788	-1.70163026928457	-4.5	ENC_46990	BN373_06811	ERS227112_02531	ROD_01791	SL1344_0224	SL3261_0224	STMMW_02291	STM_MW02291	SEN0230	t0224	EC958_0322	NCTC13441_03800	BW25113_0176	b0176
iscS	cysteine desulfurase IscS	-0.277007904409459	-0.631380016579512	-2.42930626654332	1.44482765883163	0.224170284130205	-0.25094274114364	-1.26134082745536	-4.5	0.463930854616309	-1.91872774252754	-0.880854994121214	-4.5	-0.215313126496257	4.5	ENC_37240	BN373_35191	ERS227112_00054	ROD_24741	SL1344_2505	SL3261_2505	STMMW_25601	STM_MW25601	SEN2523	t0313	EC958_2841	NCTC13441_01206	BW25113_2530	b2530
ftsW	cell division-specific peptidoglycan biosynthesis regulator FtsW	-0.884824408844591	-4.5	0.428342579746414	-2.00180628979839	-2.48715278612198	-4.5	-4.5	-4.5	-1.38661491280366	-0.928389754043701	-1.05745775671604	-1.53132233394564	-0.205164657301772	-4.5	ENC_46010	BN373_05821	ERS227112_02430	ROD_00951	SL1344_0127	SL3261_0127	STMMW_01331	STM_MW01331	SEN0128	t0131	EC958_0229	NCTC13441_03896	BW25113_0089	b0089
dnaJ	chaperone protein DnaJ	2.02723736727067	2.22170540491869	-0.260201999909148	0.0819903277574436	1.90271344192871	2.00813433931151	1.38112125350431	0.665568681103716	1.39741131273044	0.520426604099169	2.16093064575754	1.92718331988353	2.47114220855469	4.5	ENC_45380	BN373_04971	ERS227112_02351	ROD_00111	SL1344_0013	SL3261_0013	STMMW_00121	STM_MW00121	SEN0012	t0013	EC958_0147	NCTC13441_03977	BW25113_0015	b0015
nrdB	ribonucleoside-diphosphate reductase class Ia beta subunit	-0.14220472006155	-1.07719659969156	-4.5	0.927973749569575	-1.70434886709656	1.54577986357713	-4.5	-4.5	-0.0286595777436657	-1.769280901707	-4.5	-1.56956496495263	-1.25836325700987	-4.5	ENC_39600	BN373_32541	ERS227112_03936	ROD_23561	SL1344_2247	SL3261_2247	STMMW_23021	STM_MW23021	SEN2260	t0586	EC958_2572	NCTC13441_01473	BW25113_2235	b2235
sucB	2-oxoglutarate dehydrogenase E2 component	-2.3489032611798	0.5829721443295	0.910056107557273	0.803440418740103	1.46612187104572	1.25905534884003	0.458394507874164	-0.301483305067622	1.03907044497927	-4.5	0.905361541022152	1.17709117769136	0.568307661254352	4.5	ENC_20120	BN373_13061	ERS227112_03176	ROD_07241	SL1344_0719	SL3261_0719	STMMW_07941	STM_MW07941	SEN0687	t2139	EC958_0841	NCTC13441_03269	BW25113_0727	b0727
cca	Multifunctional CCA protein	-1.14599144469884	-1.7975551468879	-4.5	-1.0318567775049	-4.5	-4.5	-2.4730797016941	-4.5	-1.91977859865582	-4.5	0.612315212151762	-0.841278332591636	-1.94708298715226	-4.5	ENC_403added	BN373_41131	ERS227112_01146	ROD_36001	SL1344_3177	SL3261_3177	STMMW_31651	STM_MW31651	SEN3046	t3124	EC958_3461	NCTC13441_00636	BW25113_3056	b3056
dapE	succinyldiaminopimelate desuccinylase	-4.5	-4.5	-4.5	-1.71240684766321	-4.5	-2.06062131091216	-1.20763474442736	-0.971315704110563	-1.80946795206381	-4.5	-0.577165911589917	-4.5	-4.5	4.5	ENC_38020	BN373_34641	ERS227112_03774	ROD_24201	SL1344_2446	SL3261_2446	STMMW_25021	STM_MW25021	SEN2462	t0376	EC958_2788	NCTC13441_01258	BW25113_2472	b2472
cydB	cytochrome bd quinol oxidase subunit 2 apoprotein	-0.870489760486452	2.1148866866604	2.46664567814565	1.87015369610234	-1.29097921291348	-0.221039038256021	-0.086109288915374	-4.5	-0.0325408442678638	0.798758419929705	0.779255587296385	-4.5	-0.590039091696746	4.5	ENC_20040	BN373_13111	ERS227112_03180	ROD_07281	SL1344_0723	SL3261_0723	STMMW_07981	STM_MW07981	SEN0691	t2135	EC958_0851	NCTC13441_03261	BW25113_0734	b0734
mrdB	cell elongation-specific peptidoglycan biosynthesis regulator RodA	-4.5	-4.5	-0.0518859273206353	-0.65789140766157	-0.9384880189473	0.283132041927993	-0.811921533685048	-4.5	-0.192072024975844	-4.5	-0.78964897979248	-4.5	-4.5	-4.5	ENC_20750	BN373_12461	ERS227112_03108	ROD_06521	SL1344_0627	SL3261_0627	STMMW_07041	STM_MW07041	SEN0608	t2228	EC958_0753	NCTC13441_03361	BW25113_0634	b0634
trmU	tRNA (5-methylaminomethyl-2-thiouridylate)-methyltransferase	-1.9829946980359	-0.211268181249073	-1.8446871895502	0.826551577628352	0.0461241121269635	0.547002615196077	0.833215635639289	-4.5	0.517750442011661	-4.5	0.334622984336518	-0.349759410260722	-4.5	4.5	ENC_15020	BN373_17581	ERS227112_03611	ROD_12231	SL1344_1172	SL3261_1172	STMMW_12441	STM_MW12441	SEN1815	t1686	EC958_1330	NCTC13441_02779	BW25113_1133	b1133
hemE	uroporphyrinogen decarboxylase	-1.74050455230275	-0.156921240675922	-2.01913021127849	-1.31512951688036	-2.73301172252885	-1.66432046699072	-1.92969016822617	-4.5	-1.54172934842549	-4.5	-2.71857890237824	-4.5	-4.5	4.5	ENC_01260	BN373_49941	ERS227112_01850	ROD_37551	SL1344_4106	SL3261_4106	STMMW_41201	STM_MW41201	SEN3953	t3464	EC958_5108	NCTC13441_04497	BW25113_3997	b3997
rfaF	lipopolysaccharide heptosyltransferase II	1.4048232259463	0	-4.5	0.934364999730176	1.41098203880038	1.65257244899434	1.05452411393094	0.141531780621542	1.00893062390592	-1.57961812588145	0.522327986185752	0.5694108885797	1.92692480256353	4.5	ENC_02390	BN373_46051	ERS227112_00615	ROD_41971	SL1344_3677	SL3261_3677	STMMW_37001	STM_MW37001	SEN3533	t3808	EC958_4027	NCTC13441_00064	BW25113_3620	b3620
pstS	phosphate ABC transporter substrate-binding protein, PhoT family (TC 3.A.1.7.1)	2.07836603393103	2.18693617637185	-0.0914103147913512	2.38603089711501	2.68998282837069	2.50027197211398	2.67470062911367	2.48827642251748	2.32692544054471	1.89070482839687	1.53581656126033	1.64186897988231	1.97697860844026	4.5	ENC_04090	BN373_47691	ERS227112_00450	ROD_40131	SL1344_3824	SL3261_3824	STMMW_38421	STM_MW38421	SEN3671	t3666	EC958_4201	NCTC13441_04789	BW25113_3728	b3728
tyrP	aromatic amino acid transport protein	1.94737171956834	2.41538159505576	1.6489211829588	1.97141892545634	1.59155204200535	-4.5	1.02406358644491	1.503153842851	1.38655205757224	-0.153514353392662	2.27903349713052	1.70876867568149	1.86155277620533	4.5	ENC_05770	BN373_29901	ERS227112_04257	ROD_19621	SL1344_1870	SL3261_1870	STMMW_19191	STM_MW19191	SEN1068	t0941	EC958_2127	NCTC13441_01977	BW25113_1907	b1907
ugd	UDP-glucose 6-dehydrogenase	-4.5	0.519647330710581	0.289637133256134	3.15036196668397	2.11829236490537	2.64113896887362	2.64663756632641	3.28970829356416	2.83482478495475	3.60843395408562	2.53608030225995	3.04954765765751	3.10883315204886	4.5	ENC_506added	BN373_30991	ERS227112_04086	ROD_21661	SL1344_2057	SL3261_2057	STMMW_21111	STM_MW21111	SEN2079	t0793	EC958_2369	NCTC13441_01684	BW25113_2028	b2028
recA	RecA protein	1.34271168398409	2.10707667649481	1.03598727510451	1.24636982673268	2.00402771313979	1.96402912011541	1.69253801099984	0.948854195074649	1.15214074243236	-0.506675479653518	1.7098414012348	1.53319784417511	1.56548389897164	4.5	ENC_29440	BN373_36641	ERS227112_01630	ROD_31151	SL1344_2809	SL3261_2809	STMMW_27911	STM_MW27911	SEN2670	t2730	EC958_2964	NCTC13441_01078	BW25113_2699	b2699
gapA	glyceraldehyde-3-phosphate dehydrogenase	-4.5	-4.5	-4.5	-4.5	-1.99181235021176	-4.5	-1.34203052584171	-4.5	-0.923126050946366	-4.5	0.104011401825526	-4.5	-4.5	4.5	ENC_14760	BN373_18191	ERS227112_03665	ROD_12731	SL1344_1225	SL3261_1225	STMMW_12971	STM_MW12971	SEN1762	t1169	EC958_2001	NCTC13441_02101	BW25113_1779	b1779
lipA	lipoate synthase	-4.5	0.474359971396933	-1.5318722580471	-0.00897365008897461	-0.795687862053671	-4.5	-1.07627463076224	-0.820921692554379	-1.66293421515834	-0.410670911429632	0.268908840247366	-0.855698903468714	0.748563090911446	4.5	ENC_20820	BN373_12401	ERS227112_03102	ROD_06461	SL1344_0621	SL3261_0621	STMMW_06981	STM_MW06981	SEN0602	t2234	EC958_0746	NCTC13441_03367	BW25113_0628	b0628
trpS	tryptophanyl-tRNA synthetase	2.83344172258906	2.71866197742309	2.24885274681736	-0.826431080535173	2.42814005380073	2.48607086110644	2.38867952896693	2.32843292274223	2.5025795364718	2.78889048882197	-2.52826596223665	-4.5	-4.5	-4.5	ENC_25810	BN373_43921	ERS227112_00830	ROD_44391	SL1344_3448	SL3261_3448	STMMW_34711	STM_MW34711	SEN3307	t4024	EC958_3775	NCTC13441_00316	BW25113_3384	b3384
ftsX	cell division protein FtsX	1.37725805149354	1.31181984237879	1.88971833250181	2.30685840411514	-0.80272861254502	-0.584449497063113	-1.25459991045364	-4.5	1.08936333443697	-0.708907412830125	2.3212008357573	2.14061995182972	2.43107779059659	-4.5	ENC_26540	BN373_44631	ERS227112_00757	ROD_43591	SL1344_3534	SL3261_3534	STMMW_35581	STM_MW35581	SEN3392	t3953	EC958_3856	NCTC13441_00238	BW25113_3462	b3462
gpsA	glycerol 3-phosphate dehydrogenase (NAD(P)+)	-0.199644677799251	0.191258822137807	-2.51464175151377	-4.5	2.00830849617841	2.24330904573396	0.177599821589953	-1.2198130923714	-0.851173222834429	1.36143187326455	1.76536313266662	-4.5	-4.5	-4.5	ENC_02260	BN373_45941	ERS227112_00626	ROD_42081	SL1344_3666	SL3261_3666	STMMW_36881	STM_MW36881	SEN3522	t3819	EC958_4016	NCTC13441_00075	BW25113_3608	b3608
rsgA	Putative ribosome biogenesis GTPase RsgA	0.485144255743902	0.54367971436121	0.903270672781029	-0.323325209072482	-0.560583743519519	-0.360946425863051	-0.961871427841052	-1.52788606044015	-0.167893446196565	-2.17614979493518	0.342795186668456	-0.270661346681699	-0.298051244248941	4.5	ENC_520added	BN373_01711	ERS227112_02036	ROD_32231	SL1344_4286	SL3261_4286	STMMW_42971	STM_MW42971	SEN4119	t4401	EC958_4651	NCTC13441_04292	BW25113_4161	b4161
ruvB	Holliday junction ATP-dependent DNA helicase RuvB	0.906857288628036	1.55199545027294	-0.00461569055391262	1.05679741892242	1.69724718148476	1.56839481602059	1.27370580513784	1.06509685533748	1.18217560781817	-0.736593184948774	1.12989235211167	1.04563527275536	0.133165518122427	4.5	ENC_53added	BN373_29611	ERS227112_04286	ROD_19021	SL1344_1828	SL3261_1828	STMMW_18751	STM_MW18751	SEN1109	t0983	EC958_2083	NCTC13441_02021	BW25113_1860	b1860
rfaD	ADP-L-glycero-D-manno-heptose-6-epimerase	0.513589408759225	-0.566310179698791	-2.41523628883355	0.212523834287075	1.19865042508666	0.368497289072759	1.16898853719494	-0.0319306892396096	1.29369359173491	-2.15876097479594	-0.749126480134238	0.557060394883232	1.91220558452477	4.5	ENC_02380	BN373_46041	ERS227112_00616	ROD_41981	SL1344_3676	SL3261_3676	STMMW_36991	STM_MW36991	SEN3532	t3809	EC958_4026	NCTC13441_00065	BW25113_3619	b3619
degS	DegS peptidase. Serine peptidase. MEROPS family S01B	1.16113235325833	2.32011039449072	-0.363643001115444	2.20848168558407	2.79298864848883	2.56895424092791	2.51060631965812	2.6045138663376	2.37955966698112	-0.629871680069435	1.75805747899996	0.699592952365631	-4.5	-4.5	ENC_34790	BN373_42841	ERS227112_00963	ROD_45881	SL1344_3321	SL3261_3321	STMMW_33481	STM_MW33481	SEN3182	t3265	EC958_3627	NCTC13441_00464	BW25113_3235	b3235
cysB	Transcriptional regulator	1.33524697754779	1.69465919351538	-1.2805128171718	2.04995241571043	0.250386056911108	1.33515803757044	0.975463567177125	-0.414542079226605	0.825100597467854	1.20802688869791	0.240051878621494	0.666179634983651	0.306136234202969	4.5	ENC_08340	BN373_18961	ERS227112_05458	ROD_17281	SL1344_1645	SL3261_1645	STMMW_17081	STM_MW17081	SEN1320	t1626	EC958_1605	NCTC13441_02491	BW25113_1275	b1275
ubiF	2-octaprenyl-3-methyl-6-methoxy-1,4-benzoquinol hydroxylase	-1.30763579224347	1.57906389563909	-0.576888360017956	0.610296658699836	0.181865379723409	-2.05487006356388	-0.56251670797138	-4.5	-1.80638989359569	-4.5	1.07672957225625	0.346248388930372	0.876182592611516	4.5	ENC_20540	BN373_12671	ERS227112_03129	ROD_06751	SL1344_0660	SL3261_0660	STMMW_07361	STM_MW07361	SEN0640	t2202	EC958_0780	NCTC13441_03335	BW25113_0662	b0662
ubiH	2-octaprenyl-6-methoxyphenol hydroxylase /2-octaprenyl-3-methyl-6-methoxy-1,4-benzoquinol hydroxylase	-1.47115799721223	0.52882496803414	-4.5	0.252237596954355	-0.176992983863292	-1.8549189905617	-1.31921623817539	-4.5	-2.92776174666049	-2.36021569653442	0.242245772946578	-0.317973690494517	-0.85972491182951	4.5	ENC_31470	BN373_40071	ERS227112_01323	ROD_49261	SL1344_3033	SL3261_3033	STMMW_30171	STM_MW30171	SEN2900	t2975	EC958_3188	NCTC13441_00849	BW25113_2907	b2907
hemB	porphobilinogen synthase	-1.60929735973313	1.6178071448812	-1.73154892961381	-4.5	-2.16931482585723	-4.5	-1.19992098922679	-4.5	-0.89496924430884	-1.8674918298109	-4.5	-1.84968713085351	-4.5	-4.5	ENC_23910	BN373_08041	ERS227112_02666	ROD_04141	SL1344_0367	SL3261_0367	STMMW_04421	STM_MW04421	SEN0355	t2492	EC958_0508	NCTC13441_03606	BW25113_0369	b0369
mreC	rod shape-determining protein MreC	-2.3421168721593	-4.5	-2.34111559663182	-0.172275594671488	-0.717534835310766	0.201356079891285	-0.99453176283691	-4.5	-1.02395769331189	-4.5	-0.167552180798895	-0.616648546628066	-0.634779351193181	-4.5	ENC_34950	BN373_42991	ERS227112_00948	ROD_45661	SL1344_3345	SL3261_3345	STMMW_33711	STM_MW33711	SEN3206	t3288	EC958_3641	NCTC13441_00450	BW25113_3250	b3250
pstC	phosphate ABC transporter membrane protein 1, PhoT family (TC 3.A.1.7.1)	1.78690212063807	2.26985738447215	-0.848588105419936	2.12085449310408	2.74311645062431	2.17768946925589	2.63204932837114	2.57182730545737	2.29874184138765	1.42585775011712	1.55165263790988	1.00954442926688	2.01691179243435	4.5	ENC_04080	BN373_47681	ERS227112_00451	ROD_40141	SL1344_3823	SL3261_3823	STMMW_38411	STM_MW38411	SEN3670	t3667	EC958_4200	NCTC13441_04790	BW25113_3727	b3727
rfbB	dTDP-glucose 4,6-dehydratase	-0.567526289980898	2.47234829773289	2.35828676677867	2.21396815821661	2.52046431492587	2.48796757636735	2.39552047496304	2.23044156166672	2.21212172137167	2.04773555244774	2.48703572971301	2.47062347833482	2.40968219097705	4.5	ENC_503added	BN373_49161	ERS227112_01758	ROD_39591	SL1344_3881	SL3261_3881	STMMW_38971	STM_MW38971	SEN3727	t3375	EC958_4250	NCTC13441_04735	BW25113_3788	b3788
mraW	S-adenosyl-methyltransferase MraW	1.97594592156998	0.88257473161377	2.00768853137916	0.56868744472794	1.73814053371786	1.69684531339589	1.2848731227486	-0.159104086273351	0.863567626256739	0.249886130060875	1.45538612908874	0.823982300668902	0.98495321933182	4.5	ENC_45940	BN373_05751	ERS227112_02423	ROD_00881	SL1344_0120	SL3261_0120	STMMW_01261	STM_MW01261	SEN0121	t0124	EC958_0222	NCTC13441_03903	BW25113_0082	b0082
miaA	tRNA isopentenyltransferase (miaA)	2.82104935445706	1.89163434697057	2.08257420739407	1.7521886991393	2.35049758894103	2.33581871289584	2.26343982235026	1.42972427439162	1.67770279913899	-0.258392294293431	2.25630920735681	1.50545796358387	1.71234662779049	4.5	ENC_42700	BN373_01791	ERS227112_02047	ROD_32311	SL1344_4294	SL3261_4294	STMMW_43051	STM_MW43051	SEN4127	t4411	EC958_4658	NCTC13441_04282	BW25113_4171	b4171
msbB	lipid A biosynthesis (KDO)2-(lauroyl)-lipid IVA acyltransferase	-4.5	1.67037716134775	-0.812725941212483	1.88681505745559	-0.881142877550272	-4.5	-0.36770453978234	-4.5	-4.5	1.55091671175387	-1.13226828601625	0.485326073185292	2.22627754796344	4.5	ENC_06400	BN373_29561	ERS227112_04291	ROD_18961	SL1344_1823	SL3261_1823	STMMW_18701	STM_MW18701	SEN1114	t0988	EC958_2076	NCTC13441_02028	BW25113_1855	b1855
hnr	Response regulator containing CheY-like receiver, AAA-type ATPase, and DNA-binding domains	2.22285581315665	2.72213710483684	2.1215092801594	2.34922210979075	1.02096624928907	0.604573862300951	0.0798778519720106	-0.422829445574928	0.656770910579246	2.45951595496424	2.4997557352653	2.60281927665428	2.74987433048093	4.5	ENC_07930	BN373_27991	ERS227112_04469	ROD_17731	SL1344_1684	SL3261_1684	STMMW_17481	STM_MW17481	SEN1283	t1664	EC958_1508	NCTC13441_02600	BW25113_1235	b1235
galU	UTP-glucose-1-phosphate uridylyltransferase	-1.00468011204263	3.06828413782577	2.16574138079351	2.69326566134948	1.89588588165862	2.10068340179817	2.54206397457412	1.63169623088384	1.83074344392795	2.46272061523807	0.650789052092042	1.10437014424541	2.88748725222753	4.5	ENC_07940	BN373_27981	ERS227112_04470	ROD_17721	SL1344_1683	SL3261_1683	STMMW_17471	STM_MW17471	SEN1284	t1663	EC958_1509	NCTC13441_02599	BW25113_1236	b1236
fmt	Methionyl-tRNA formyltransferase	-1.6407097489394	0.400004400033595	-4.5	-1.17683119102667	-0.823155401371318	-1.80292073187842	-0.934401525948992	-4.5	0.322220538645463	-1.59591064289261	-1.33407401965876	-2.08208228509339	-4.5	-4.5	ENC_303added	BN373_43241	ERS227112_00898	ROD_45341	SL1344_3374	SL3261_3374	STMMW_34001	STM_MW34001	SEN3235	t4097	EC958_3681	NCTC13441_00408	BW25113_3288	b3288
thiL	thiamine-phosphate kinase	-0.0862690779091262	1.28790047248554	-1.66399804079356	1.85247544420372	0.876684234775265	-1.34220937354413	-0.393767007539919	-0.0830526799162246	-1.29954680501768	-1.04555052118731	1.98168582636328	-1.07896545431298	-1.37202524945156	-4.5	ENC_23420	BN373_08581	ERS227112_02720	ROD_04661	SL1344_0413	SL3261_0413	STMMW_04891	STM_MW04891	SEN0401	t2444	EC958_0555	NCTC13441_03562	BW25113_0417	b0417
fepD	ABC-type Fe3+-siderophore transport system, permease component	1.93590654374595	1.94335588840254	1.55964497255937	1.85848068190914	1.7622420435698	2.21990505865315	-0.433285027304183	0.510909322564909	-0.642016278768173	-0.2395046672324	2.24930612246401	2.3359016157145	2.25942904644272	4.5	ENC_21430	BN373_11861	ERS227112_03046	ROD_05991	SL1344_0580	SL3261_0580	STMMW_06571	STM_MW06571	SEN0561	t2276	EC958_0710	NCTC13441_03405	BW25113_0590	b0590
yhbV	Collagenase and related proteases	2.84745399297778	2.72268367014098	2.17002498541119	2.51551286698244	2.44071553838614	2.29032228380425	1.92897069750271	2.02514587062458	1.96298936920637	2.19523310135192	2.28429165188794	2.0679265909783	1.9310947262836	-4.5	ENC_33970	BN373_42191	ERS227112_01034	ROD_46731	SL1344_3248	SL3261_3248	STMMW_32751	STM_MW32751	SEN3110	t3195	EC958_3559	NCTC13441_00536	BW25113_3159	b3159
dapF	diaminopimelate epimerase	1.35104888133386	1.58818027392805	2.60888413904204	-0.862793236267248	-1.0756946321022	0.551934254885435	-2.44740983404047	0.101524930343534	-0.503564496782529	-4.5	1.6285710932619	-4.5	-1.77548085827889	4.5	ENC_01980	BN373_49331	ERS227112_01780	ROD_39421	SL1344_3901	SL3261_3901	STMMW_39181	STM_MW39181	SEN3744	t3350	EC958_4271	NCTC13441_04710	BW25113_3809	b3809
lpxL	lipid A biosynthesis lauroyl (or palmitoleoyl) acyltransferase	2.29384196102702	2.09739084814121	2.17643572786928	1.38098848717005	-2.12168694069336	-4.5	-0.85412870642065	-4.5	-0.51897943097962	0.404605454505778	-4.5	-1.51673557371455	-0.379830306579679	4.5	ENC_15870	BN373_16821	ERS227112_03545	ROD_11131	SL1344_1092	SL3261_1092	STMMW_11631	STM_MW11631	SEN1893	t1765	EC958_1248	NCTC13441_02858	BW25113_1054	b1054
folD	methenyltetrahydrofolate cyclohydrolase /5,10-methylenetetrahydrofolate dehydrogenase (NADP+)	-2.15981092452413	0.376010793601555	-4.5	-0.340123933133933	-2.08510819087338	-1.84649428132667	-0.547177292670123	-4.5	-1.59235964000773	-1.62763343598614	-1.9200796598748	-4.5	-4.5	-4.5	ENC_22180	BN373_09731	ERS227112_02835	ROD_05611	SL1344_0535	SL3261_0535	STMMW_06101	STM_MW06101	SEN0523	t2321	EC958_0668	NCTC13441_03446	BW25113_0529	b0529
dapA	dihydrodipicolinate synthase	-4.5	-1.03266592758776	-1.75527508295431	-4.5	-4.5	-4.5	-0.258204082384163	-4.5	-1.14191390472388	-4.5	-1.9570536408073	-4.5	-4.5	4.5	ENC_37950	BN373_34711	ERS227112_03767	ROD_24271	SL1344_2452	SL3261_2452	STMMW_25071	STM_MW25071	SEN2468	t0370	EC958_2795	NCTC13441_01250	BW25113_2478	b2478
thyA	thymidylate synthase	-4.5	-4.5	-4.5	-4.5	-2.15832527428559	-2.11051580258427	-1.28247610155072	-4.5	-0.493615201430033	-1.18406684984262	-2.06977776508317	-4.5	-4.5	4.5	ENC_30630	BN373_38661	ERS227112_01432	ROD_28691	SL1344_2979	SL3261_2979	STMMW_29621	STM_MW29621	SEN2843	t2910	EC958_5050	NCTC13441_00913	BW25113_2827	b2827
fepG	ABC-type enterobactin transport system, permease component	2.05232455552094	1.78383975922489	1.20418433438517	1.80798851737548	1.72353454513604	2.36737514637231	-4.5	-0.163795965642613	-0.624084280083856	-0.730649185531814	2.02006054777255	2.19863280438416	2.24694683575128	4.5	ENC_21440	BN373_11851	ERS227112_03045	ROD_05981	SL1344_0579	SL3261_0579	STMMW_06561	STM_MW06561	SEN0560	t2277	EC958_0709	NCTC13441_03406	BW25113_0589	b0589
gutQ	KpsF/GutQ family protein	2.18036824202673	2.25812874767743	2.01140554884755	-4.5	2.14685609591498	2.18262268067085	2.03557091549526	1.83076620364279	1.43918058214892	1.01265954234397	2.30366181845526	2.30212466021658	1.85406572657964	4.5	ENC_29570	BN373_36761	ERS227112_01617	ROD_31061	SL1344_2818	SL3261_2818	STMMW_28001	STM_MW28001	SEN2679	t2740	EC958_2974	NCTC13441_01068	BW25113_2708	b2708
rpoH	RNA polymerase, sigma 32 subunit, RpoH	-1.63259789308366	-0.82738829858942	-2.22576572294822	-1.08857333392126	-1.84418508184358	-1.18354829823008	-1.73590840040483	-1.60372109545882	-1.37195941744909	-4.5	-2.48229427177642	-0.987908458540509	-0.308534063176927	4.5	ENC_26530	BN373_44621	ERS227112_00758	ROD_43611	SL1344_3533	SL3261_3533	STMMW_35571	STM_MW35571	SEN3391	t3954	EC958_3855	NCTC13441_00239	BW25113_3461	b3461
rsmI	conserved hypothetical protein TIGR00096	2.64473762520253	2.08876369593804	1.89823156838578	2.12457324888075	2.71969303099501	2.60995592985355	2.303067978696	2.23898315565657	2.26375694780919	2.03096195014276	2.31153800671363	2.0201507762909	2.27910027719332	-4.5	ENC_33840	BN373_42061	ERS227112_01047	ROD_46871	SL1344_3236	SL3261_3236	STMMW_32631	STM_MW32631	SEN3098	t3183	EC958_3546	NCTC13441_00549	BW25113_3146	b3146
dapD	2,3,4,5-tetrahydropyridine-2,6-dicarboxylate N-succinyltransferase	-4.5	-4.5	-4.5	-4.5	-4.5	-4.5	-4.5	-4.5	-0.301283151738787	-4.5	-0.715133542391133	-4.5	-4.5	4.5	ENC_46870	BN373_06701	ERS227112_02520	ROD_01691	SL1344_0214	SL3261_0214	STMMW_02191	STM_MW02191	SEN0219	t0214	EC958_0312	NCTC13441_03812	BW25113_0166	b0166
cysE	serine O-acetyltransferase	1.08370958357753	0.657388050159088	-4.5	1.3143465419695	-0.0609862356631975	1.2085738289631	0.694948833645199	-4.5	0.0564886806232999	1.36646114889765	-0.259906167017341	-0.0931270600394223	0.185945926662066	4.5	ENC_02250	BN373_45931	ERS227112_00627	ROD_42091	SL1344_3665	SL3261_3665	STMMW_36871	STM_MW36871	SEN3521	t3820	EC958_4015	NCTC13441_00076	BW25113_3607	b3607
manZ	PTS system D-mannose-specific IID component, Man family (TC 4.A.6.1.1)	2.13385739633251	2.57213176189959	1.82558802717243	2.09152695585916	2.16740512008264	2.3826157268427	2.01602281025477	-0.0248623617866522	1.55075144756751	1.45781994382033	2.04633738068486	1.84641011186416	1.10791460891889	4.5	ENC_06770	BN373_29181	ERS227112_04331	ROD_18571	SL1344_1761	SL3261_1761	STMMW_18241	STM_MW18241	SEN1205	t1046	EC958_2037	NCTC13441_02067	BW25113_1819	b1819
glsA	L-glutaminase	1.66286495396086	1.92427413098654	1.53419120336302	2.06972366265566	2.05008249442079	2.20456932150412	1.62603016767559	1.84109256356414	1.28806028334724	0.803909917065249	2.36316487337829	2.03284011827866	-0.0540864246899603	4.5	ENC_10670	BN373_22121	ERS227112_05036	ROD_15191	SL1344_1455	SL3261_1455	STMMW_15251	STM_MW15251	SEN1526	t1446	EC958_1780	NCTC13441_02322	BW25113_1524	b1524
fepB	Ferrienterobactin-binding periplasmic protein precursor	2.08849735572111	2.1460287855813	1.615779769434	1.97130924064853	1.81425078212299	2.14219460833234	-0.158456624572254	-0.130159895414742	0.104495329817211	-0.00785094995114555	1.93023249914833	2.11582955075615	2.43383548059217	4.5	ENC_255added	BN373_11881	ERS227112_03048	ROD_06011	SL1344_0582	SL3261_0582	STMMW_06591	STM_MW06591	SEN0563	t2274	EC958_0712	NCTC13441_03403	BW25113_0592	b0592
folP	Dihydropteroate synthase	-0.128565573937143	-0.337913074356849	2.25654844268556	-0.706302713080348	2.24077600908268	2.40979284949453	2.17731280367363	1.9933814455758	-0.114434767615383	2.20864986561286	2.09550120280724	1.64455551317813	-4.5	4.5	ENC_34120	BN373_42371	ERS227112_01012	ROD_46441	SL1344_3266	SL3261_3266	STMMW_32931	STM_MW32931	SEN3128	t3212	EC958_3577	NCTC13441_00516	BW25113_3177	b3177
rfaC	lipopolysaccharide heptosyltransferase I	1.07054900150944	-0.596664607425333	-2.45297859856571	0.329555361912654	0.570152918464726	0.59808873568138	0.776018597746579	-0.747148551478049	1.44284880618519	-2.18046419163433	-1.11316475523003	0.223307746327754	1.91078111199543	4.5	ENC_02400	BN373_46061	ERS227112_00614	ROD_41961	SL1344_3678	SL3261_3678	STMMW_37011	STM_MW37011	SEN3534	t3807	EC958_4028	NCTC13441_00063	BW25113_3621	b3621
ispA	farnesyl-diphosphate synthase	-2.20378533308481	1.53711888583141	-4.5	1.65184945246372	-1.38769077508667	0.620011610498146	-0.995968287332427	-0.680942586517232	-0.918097655587876	-4.5	-2.06567910875101	-1.67780823005504	-4.5	-4.5	ENC_23390	BN373_08621	ERS227112_02724	ROD_04701	SL1344_0417	SL3261_0417	STMMW_04931	STM_MW04931	SEN0405	t2440	EC958_0559	NCTC13441_03558	BW25113_0421	b0421
minD	septum site-determining protein MinD	1.8149793604832	2.68531013487311	2.18435553596729	2.14005470419027	2.3796611718621	2.58946242394124	2.42650239886644	2.5159513036504	2.28529949937758	2.14376370560437	2.50134026498301	1.91317129326416	2.76060306968929	-4.5	ENC_06950	BN373_29021	ERS227112_04347	ROD_18391	SL1344_1743	SL3261_1743	STMMW_18071	STM_MW18071	SEN1222	t1062	EC958_1413	NCTC13441_02705	BW25113_1175	b1175
pstB	phosphate ABC transporter ATP-binding protein, PhoT family (TC 3.A.1.7.1)	2.21267418279668	2.29858830900549	-4.5	2.45480526666939	2.69635428080707	2.36723302729394	2.65114971289022	2.44899548299292	2.50432048641734	1.90748243814767	0.925933023926534	0.630810534459657	2.06189994499071	4.5	ENC_04060	BN373_47661	ERS227112_00453	ROD_40161	SL1344_3821	SL3261_3821	STMMW_38391	STM_MW38391	SEN3668	t3669	EC958_4198	NCTC13441_04792	BW25113_3725	b3725
map_1	methionine aminopeptidase, type I	-0.808755903851618	2.34430118531385	1.91128059513915	-1.45646739299208	-4.5	-1.24571907759525	-1.8772862183319	-4.5	-0.071628341574518	-4.5	-4.5	-4.5	-4.5	-4.5	ENC_46910	BN373_06731	ERS227112_02522	ROD_01711	SL1344_0216	SL3261_0216	STMMW_02211	STM_MW02211	SEN0221	t0216	EC958_0314	NCTC13441_03810	BW25113_0168	b0168
dapB	dihydrodipicolinate reductase	-4.5	-4.5	-4.5	-4.5	-2.19182448426111	-1.0459014275452	-2.0378687186957	-4.5	-0.92130202621876	-4.5	-4.5	-4.5	-1.26725842219941	4.5	ENC_45560	BN373_05241	ERS227112_02375	ROD_00341	SL1344_0065	SL3261_0065	STMMW_00651	STM_MW00651	SEN0065	t0066	EC958_0164	NCTC13441_03960	BW25113_0031	b0031
suhB	Archaeal fructose-1,6-bisphosphatase and related enzymes of inositol monophosphatase family	-4.5	-4.5	-4.5	0.474116279556524	-1.30797451470864	-1.78555640527951	-1.54494255574293	-4.5	-2.17314818650204	-4.5	-1.83582925707459	-4.5	-4.5	-4.5	ENC_37210	BN373_35221	ERS227112_00050	ROD_24771	SL1344_2508	SL3261_2508	STMMW_25631	STM_MW25631	SEN2526	t0310	EC958_2844	NCTC13441_01202	BW25113_2533	b2533
ftsN	cell division protein FtsN	2.70277420214984	1.96663221191735	1.35954326326534	2.10039382133852	2.15922677714952	2.17246038631729	1.98563701668117	2.16353041387828	1.50254002552351	1.29783899431439	2.42814142413424	2.37101110079142	2.24620056856993	-4.5	ENC_00960	BN373_48611	ERS227112_00354	ROD_38131	SL1344_4042	SL3261_4042	STMMW_40581	STM_MW40581	SEN3883	t3525	EC958_4418	NCTC13441_04567	BW25113_3933	b3933
ubiE	ubiquinone/menaquinone biosynthesis methyltransferases	-1.43463439985632	-0.755837021300377	-4.5	-0.0691261911069436	-0.988070252492857	-1.76927843915499	-0.566549921624128	-1.61125631822796	-0.660010759352267	-4.5	0	0.064874636301463	-0.0976178376849986	4.5	ENC_01780	BN373_49541	ERS227112_01801	ROD_39211	SL1344_3924	SL3261_3924	STMMW_39411	STM_MW39411	SEN3765	t3327	EC958_4315	NCTC13441_04666	BW25113_3833	b3833
yfiO	outer membrane assembly lipoprotein YfiO	-4.5	-4.5	-4.5	-4.5	-0.796363653335678	-4.5	0.784018759095199	-4.5	1.5745259236874	-4.5	-1.88203466218629	-4.5	-4.5	-4.5	ENC_27930	BN373_35721	ERS227112_01726	ROD_25371	SL1344_2623	SL3261_2623	STMMW_26791	STM_MW26791	SEN2586	t2619	EC958_2899	NCTC13441_01145	BW25113_2595	b2595
cmoA	methyltransferase, putative	1.61372420579368	1.7648175564623	1.60930235652818	1.64410352245973	2.41346026296919	2.49215747837576	2.16368064801251	2.61230884409765	1.6898669122862	1.76149840646819	2.26745193004668	1.98926734024999	-0.687526121872574	4.5	ENC_06230	BN373_29701	ERS227112_04277	ROD_19161	SL1344_1840	SL3261_1840	STMMW_18881	STM_MW18881	SEN1098	t0972	EC958_2093	NCTC13441_02011	BW25113_1870	b1870
kdsB	3-deoxy-D-manno-octulosonate cytidylyltransferase	-4.5	-0.648168594831829	-4.5	-4.5	-4.5	-4.5	-4.5	-4.5	-0.752025491804991	-4.5	1.73641928194266	1.01142564148218	-4.5	-4.5	ENC_17650	BN373_15611	ERS227112_03433	ROD_09861	SL1344_0925	SL3261_0925	STMMW_09991	STM_MW09991	SEN0892	t1946	EC958_1129	NCTC13441_02971	BW25113_0918	b0918
dam	DNA adenine methylase Dam	0.21585360889477	2.45755464478788	-4.5	2.66276658796837	2.34167143126639	2.12502844531739	2.58232745789291	2.69189997198342	2.46836488177439	2.52971608121664	2.5338620844042	2.4641592648029	3.32013116234546	4.5	ENC_25840	BN373_43951	ERS227112_00827	ROD_44361	SL1344_3451	SL3261_3451	STMMW_34741	STM_MW34741	SEN3310	t4022	EC958_3778	NCTC13441_00313	BW25113_3387	b3387
phoU	Phosphate-specific transport system accessory protein PhoU	1.6451652435564	2.22823183690242	-4.5	2.02233904257214	2.55723089978162	1.62088381176419	2.21306983896583	1.27302662157394	1.87280058180978	-0.301426866541157	-0.101656879785005	0.0663651639407106	-1.48110910438786	4.5	ENC_36added	BN373_47651	ERS227112_00454	ROD_40171	SL1344_3820	SL3261_3820	STMMW_38381	STM_MW38381	SEN3667	t3670	EC958_4197	NCTC13441_04793	BW25113_3724	b3724
can_2	Carbonic anhydrase	2.82684411295721	1.88101344662731	2.16606207071329	-1.28811371893877	-4.5	0	-1.7140142742866	-0.86360905264779	-0.818579338126128	-1.52813367486932	-1.24803462881531	-4.5	0.143903055058701	-4.5	ENC_46420	BN373_06241	ERS227112_02475	ROD_01381	SL1344_0172	SL3261_0172	STMMW_01771	STM_MW01771	SEN0176	t0176	EC958_0268	NCTC13441_03855	BW25113_0126	b0126
rph	ribonuclease PH	2.61449103511996	2.31848910535548	2.11282196509254	2.2976745967629	2.42473839976077	2.58783186956865	2.43092129507618	2.29699495953363	2.23843991236825	2.5118083091674	2.5457668594808	2.69066606083084	-4.5	4.5	ENC_02620	BN373_46271	ERS227112_00594	ROD_41721	SL1344_3700	SL3261_3700	STMMW_37231	STM_MW37231	SEN3556	t3784	EC958_4051	NCTC13441_00040	BW25113_3643	b3643
dnaQ	DNA polymerase III, epsilon subunit	-1.37044299244896	-0.936580985852838	-4.5	-4.5	-0.122118760588118	-1.82428581883372	-0.396096188229768	-4.5	0.779437527257969	-4.5	0.182422785626096	-0.962439491599181	-0.0441091824617927	4.5	ENC_24790	BN373_07151	ERS227112_02570	ROD_02201	SL1344_0259	SL3261_0259	STMMW_02631	STM_MW02631	SEN0266	t2601	EC958_0358	NCTC13441_03761	BW25113_0215	b0215
rplA	LSU ribosomal protein L1P	-2.02953753452137	-0.672190430648732	-0.900699656274238	0.701307572246203	0.877741713920293	-0.173240462355687	0.40942583074986	-1.39441216605311	0.748438522522587	-0.038566180212825	0.771821874275608	-1.20129147816523	-1.47392387975918	4.5	ENC_01420	BN373_49771	ERS227112_01831	ROD_37681	SL1344_4089	SL3261_4089	STMMW_41031	STM_MW41031	SEN3934	t3477	EC958_5095	NCTC13441_04512	BW25113_3984	b3984
hda	DnaA regulatory inactivator Hda	-0.79555916718143	-0.769344014224836	0.6996844892868	2.08446029232319	2.01272653238792	2.17632269933125	2.02176928026884	0.882217413166908	1.94144131212489	0.446023774726528	-1.07887965252686	-0.600018958899771	-4.5	4.5	ENC_458added	BN373_34781	ERS227112_03760	ROD_24391	SL1344_2459	SL3261_2459	STMMW_25131	STM_MW25131	SEN2477	t0361	EC958_2801	NCTC13441_01244	BW25113_2496	b2496
pdxH	Pyridoxamine 5'-phosphate oxidase	1.14105515151299	1.37399428657782	0.723116582209311	1.64545114013165	2.18917261309921	2.03727276563635	1.66091612891464	0.652411986725462	1.11009844098437	-0.681036321136649	1.60235267449992	0.479523329475851	1.17453031581646	4.5	ENC_13090	BN373_25571	ERS227112_04698	ROD_14291	SL1344_1380	SL3261_1380	STMMW_14511	STM_MW14511	SEN1599	t1316	EC958_1861	NCTC13441_02243	BW25113_1638	b1638
ftsE	cell division ATP-binding protein FtsE	1.33248718689661	1.36071785536658	1.92426536024178	2.24575842120169	-2.29343332846065	-2.32699541824386	-4.5	-4.5	1.37443067363792	-4.5	2.49532542188816	2.23426723909266	2.12703123329058	-4.5	ENC_26550	BN373_44641	ERS227112_00756	ROD_43581	SL1344_3535	SL3261_3535	STMMW_35591	STM_MW35591	SEN3393	t3952	EC958_3857	NCTC13441_00237	BW25113_3463	b3463
folE	GTP cyclohydrolase I	-4.5	-4.5	-1.33731658723353	-4.5	-4.5	-4.5	-4.5	-4.5	-0.599778059755438	-4.5	-4.5	-1.14080549856375	-0.728496138895107	4.5	ENC_40160	BN373_31931	ERS227112_03989	ROD_22811	SL1344_2170	SL3261_2170	STMMW_22251	STM_MW22251	SEN2186	t0662	EC958_2490	NCTC13441_01556	BW25113_2153	b2153
hemK	[protein release factor]-glutamine N5-methyltransferase	1.22982376516049	2.03231681237551	1.58238619630469	2.13266994779911	1.7438022818523	2.09946255438161	1.95239951925075	1.74023260984135	1.29345372040125	0.648390527637155	1.4190907241021	1.03144956350845	-4.5	-4.5	ENC_07620	BN373_28271	ERS227112_04435	ROD_18011	SL1344_1703	SL3261_1703	STMMW_17671	STM_MW17671	SEN1264	t1101	EC958_1480	NCTC13441_02630	BW25113_1212	b1212
ispD	2-C-methyl-D-erythritol 4-phosphate cytidylyltransferase	-4.5	-4.5	-4.5	-4.5	-1.98647883724243	-4.5	-0.691679751622467	-4.5	-1.17545165092606	-4.5	2.11534541950057	1.49839894330646	-4.5	-4.5	ENC_30020	BN373_37531	ERS227112_01551	ROD_30621	SL1344_2909	SL3261_2909	STMMW_28931	STM_MW28931	SEN2769	t2831	EC958_3018	NCTC13441_01026	BW25113_2747	b2747
rpiA	ribose 5-phosphate isomerase	1.95180057842524	1.61653620002141	-1.50576295494562	1.4229880801475	-0.896319879571789	-1.27675504323632	0.868806535381557	-0.367749185887417	0.130210741143981	-1.80221733807786	0.497431109146058	1.97148978828791	1.32559999386667	4.5	ENC_31530	BN373_40131	ERS227112_01316	ROD_49161	SL1344_3039	SL3261_3039	STMMW_30231	STM_MW30231	SEN2906	t2981	EC958_3194	NCTC13441_00841	BW25113_2914	b2914
rplC	LSU ribosomal protein L3P	-4.5	-0.449075194912239	-4.5	-4.5	-1.34970215402051	-2.10308005028427	-4.5	-1.04417168993577	0.325451786981989	-1.20860041385142	-2.03082966420094	-4.5	-4.5	-4.5	ENC_25340	BN373_43561	ERS227112_00867	ROD_45021	SL1344_3407	SL3261_3407	STMMW_34321	STM_MW34321	SEN3268	t4065	EC958_3713	NCTC13441_00375	BW25113_3320	b3320
rrmJ	23S rRNA Um-2552 2'-O-methyltransferase	2.07878548216381	2.12224981774792	0.997835210030592	1.54100723194925	1.26314846549548	1.36912935746274	1.30720470794037	0.102627660211559	1.48928374359467	0.373866585517736	1.57895764816555	0.437704388660682	-0.135382965969048	4.5	ENC_34140	BN373_42391	ERS227112_01010	ROD_46421	SL1344_3269	SL3261_3269	STMMW_32961	STM_MW32961	SEN3130	t3214	EC958_3579	NCTC13441_00514	BW25113_3179	b3179
yhhQ	conserved hypothetical integral membrane protein	2.6340058943282	2.24783642248772	2.09235828253401	2.01913899128188	2.12045851933613	2.4369832347725	2.06406999834496	1.88795225932904	1.89352735584108	2.45856732678704	2.32171302129665	2.11150814903313	1.99640003373718	-4.5	ENC_26660	BN373_44721	ERS227112_00748	ROD_43461	SL1344_3544	SL3261_3544	STMMW_35681	STM_MW35681	SEN3402	t3943	EC958_3865	NCTC13441_00229	BW25113_3471	b3471
clpP_1	ATP-dependent Clp protease proteolytic subunit precursor	2.00715812666562	2.57280463548664	1.90603842711699	2.09788960777333	0.855614126027725	0.644403894111964	-1.29550971786728	0.422178645027181	-0.51184784307648	1.46519838533273	2.18987034436853	2.0213945991792	2.78516566403765	4.5	ENC_283added	BN373_08881	ERS227112_02750	ROD_04921	SL1344_0442	SL3261_0442	STMMW_05191	STM_MW05191	SEN0430	t2412	EC958_0576	NCTC13441_03542	BW25113_0437	b0437
ydfH	transcriptional regulator, GntR family	2.16387130806513	2.1250940099685	2.18660152545398	1.78579093087959	2.0722646741145	1.70671546498253	1.45843487974296	-0.0684763302650394	1.53971754232748	1.13434309050492	1.64272033953858	1.42734610110786	-0.460017899168627	4.5	ENC_11980	BN373_21461	ERS227112_05095	ROD_14871	SL1344_1440	SL3261_1440	STMMW_15101	STM_MW15101	SEN1541	t1431	EC958_1794	NCTC13441_02308	BW25113_1540	b1540
rnt	RNAse T	1.46290960750345	2.24835028754836	1.27921337071481	1.87238698731827	1.93597312657177	1.74824942267068	1.75988006056235	1.07457485431397	1.34305295935686	1.15564831536846	1.86452966873799	1.3085036511657	-4.5	4.5	ENC_13260	BN373_25721	ERS227112_04683	ROD_14171	SL1344_1366	SL3261_1366	STMMW_14371	STM_MW14371	SEN1613	t1302	EC958_1875	NCTC13441_02229	BW25113_1652	b1652
efp	translation elongation factor P (EF-P)	0.814483021412031	1.80413083614871	0.417020461339971	1.94440733099819	1.86557096321936	0.637749890664968	1.49647706393998	1.05911906605049	1.72143018615148	1.97874238514454	0.932160860755307	-1.61572737893513	0.543083823880047	4.5	ENC_42460	BN373_01581	ERS227112_02023	ROD_32111	SL1344_4271	SL3261_4271	STMMW_42831	STM_MW42831	SEN4104	t4386	EC958_4636	NCTC13441_04308	BW25113_4147	b4147
lexA	SOS-response transcriptional repressor, LexA	-2.07926328759829	-1.16394909148132	-4.5	-4.5	-4.5	-2.10361998949667	-1.95789206575868	-4.5	0.972773798967906	-0.58853878816594	-4.5	-1.76561726289402	-1.17595432565411	-4.5	ENC_04740	BN373_00381	ERS227112_01903	ROD_37031	SL1344_4174	SL3261_4174	STMMW_41871	STM_MW41871	SEN4006	t4143	EC958_4499	NCTC13441_04443	BW25113_4043	b4043
lipB	lipoate-protein ligase B	1.03060292730844	0.877409690011279	-0.0241281450009809	2.96582307178652	0.791057294985882	0.138432111821354	0.943774859266795	-4.5	2.18072558483825	2.67186883172094	1.70676894713723	1.63234652492231	2.18560706953067	4.5	ENC_20790	BN373_12421	ERS227112_03104	ROD_06481	SL1344_0623	SL3261_0623	STMMW_07001	STM_MW07001	SEN0604	t2232	EC958_0748	NCTC13441_03365	BW25113_0630	b0630
dcd	dCTP deaminase	2.05827236528272	1.64450569676385	1.62960616030136	2.0387582106656	1.23181945326907	1.97990220748112	-0.135167191432702	-4.5	1.33630886088401	1.58868818471619	1.05293800913581	0.0436991310002913	0.355928623740873	4.5	ENC_41020	BN373_31211	ERS227112_04064	ROD_22011	SL1344_2098	SL3261_2098	STMMW_21531	STM_MW21531	SEN2117	t0751	EC958_2405	NCTC13441_01646	BW25113_2065	b2065
gmhA	phosphoheptose isomerase	0.391950269136167	-0.705340262748419	-4.5	0.176067755815255	1.40806147550286	1.39175517447646	1.4152544201269	0.243683989257319	1.6698945959426	-4.5	0.46827707042486	-1.41368835902674	1.84408455387041	4.5	ENC_24690	BN373_07201	ERS227112_02576	ROD_02231	SL1344_0306	SL3261_0306	STMMW_03211	STM_MW03211	SEN0293	t2540	EC958_0362	NCTC13441_03756	BW25113_0222	b0222
tonB	outer membrane transport energization protein TonB (TC 2.C.1.1.1)	0.78329754547077	1.79579562880285	-1.60213983802236	2.19994937448617	1.81852811353936	1.93570386274278	1.4424467727194	-4.5	0.625857776114741	1.08257587638176	1.25918899100441	-1.03242799062946	1.72818231251108	4.5	ENC_08110	BN373_27721	ERS227112_04486	ROD_17561	SL1344_1668	SL3261_1668	STMMW_17321	STM_MW17321	SEN1297	t1649	EC958_1527	NCTC13441_02582	BW25113_1252	b1252
rpoE	RNA polymerase, sigma-24 subunit, RpoE	0.677827212349576	0.534876072713129	-4.5	1.99563146533657	2.19129767561081	2.36885445523204	2.25786955430222	2.18198635083137	2.00906272808253	-1.16070557135837	0.678216768739275	0.553060738840443	-4.5	-4.5	ENC_36870	BN373_35561	ERS227112_00015	ROD_25201	SL1344_2604	SL3261_2604	STMMW_26601	STM_MW26601	SEN2567	t0270	EC958_2879	NCTC13441_01166	BW25113_2573	b2573
mltE	Soluble lytic murein transglycosylase and related regulatory proteins (some contain LysM/invasin domains)	2.11180909479376	1.6656425505357	1.57336511332761	1.96884942190312	2.13289881361109	1.61509964389259	2.08931788350486	1.79163522702832	2.00135508297631	1.79546032646888	2.45024196075423	1.97289741254644	-0.329181511815285	4.5	ENC_07080	BN373_28881	ERS227112_04361	ROD_18251	SL1344_1727	SL3261_1727	STMMW_17911	STM_MW17911	SEN1238	t1078	EC958_1432	NCTC13441_02686	BW25113_1193	b1193
lolB	outer membrane lipoprotein LolB	-4.5	-4.5	-4.5	-4.5	-4.5	-4.5	-0.158775289139836	-4.5	-0.751119157237097	-1.62319114210578	0.127538096134671	-4.5	-4.5	-4.5	ENC_07580	BN373_28301	ERS227112_04432	ROD_18041	SL1344_1706	SL3261_1706	STMMW_17701	STM_MW17701	SEN1261	t1098	EC958_1477	NCTC13441_02633	BW25113_1209	b1209
orn	Oligoribonuclease (3'->5' exoribonuclease)	-1.50018878627687	1.20853157176044	-4.5	-0.582542936470424	0.946292125675282	-0.779089670451664	1.46814607244211	0.250332264182062	0.248184617970502	-4.5	0.717568607528259	-1.5587343512111	-4.5	-4.5	ENC_42640	BN373_01721	ERS227112_02037	ROD_32241	SL1344_4287	SL3261_4287	STMMW_42981	STM_MW42981	SEN4120	t4402	EC958_4652	NCTC13441_04291	BW25113_4162	b4162
rimM	16S rRNA processing protein RimM	-1.62984478469184	-4.5	-4.5	-0.973349725190557	-1.59850211765393	-1.4937756006813	-0.723406393864339	-0.648967767463617	-0.195821132664633	-4.5	-4.5	-4.5	-4.5	4.5	ENC_28070	BN373_35851	ERS227112_01712	ROD_25581	SL1344_2648	SL3261_2648	STMMW_26891	STM_MW26891	SEN2596	t2630	EC958_2910	NCTC13441_01133	BW25113_2608	b2608
yafL	Cell wall-associated hydrolases (invasion-associated proteins)	1.84345107050501	2.08450324693151	1.75978807081106	2.26898330765805	2.00102862118689	2.09103827190491	1.80948040896146	-4.5	1.49809415896929	1.67504259558976	2.20070379989924	0.946667986634584	-4.5	4.5	ENC_13280	BN373_25741	ERS227112_04681	ROD_14151	SL1344_1364	SL3261_1364	STMMW_14351	STM_MW14351	SEN1615	t1300	EC958_1877	NCTC13441_02227	BW25113_1655	b1655
grpE	Molecular chaperone GrpE (heat shock protein)	0.0347588545961989	-0.61345878357936	-4.5	-0.370579620977349	0.528390939413037	0.0427056594854062	-1.49511394586838	-0.735545833730958	0.5634481980066	-0.197127589156814	-0.308556912500325	0.490612547216969	0.809760586696707	-4.5	ENC_28120	BN373_35901	ERS227112_01707	ROD_25631	SL1344_2654	SL3261_2654	STMMW_26951	STM_MW26951	SEN2602	t2636	EC958_2915	NCTC13441_01128	BW25113_2614	b2614
ubiX	3-octaprenyl-4hydroxybenzoate decarboxylase	-0.336867683256599	1.87849012413994	-1.1750986406184	-4.5	1.31117522177207	1.16368493379683	1.81407504773699	0.844789806373901	1.08991623974156	0.916684522893781	0.502981726194805	-0.903594995134421	-4.5	4.5	ENC_38970	BN373_33111	ERS227112_03878	ROD_27191	SL1344_2325	SL3261_2325	STMMW_23781	STM_MW23781	SEN2338	t0508	EC958_2646	NCTC13441_01400	BW25113_2311	b2311
ssb	single-strand binding protein	-4.5	-4.5	0.453739017327316	-4.5	-1.89342011355593	-4.5	-0.396446889327722	-0.0044851362699617	-1.44811934734843	-4.5	-4.5	-1.63585723855369	-4.5	-4.5	ENC_04900	BN373_00531	ERS227112_01918	ROD_36301	SL1344_4192	SL3261_4192	STMMW_42061	STM_MW42061	SEN4025	t4161	EC958_4529	NCTC13441_04413	BW25113_4059	b4059
ycbK	Uncharacterized protein conserved in bacteria	2.35728724688239	2.96559319805321	2.81150518344153	1.92791542345508	2.28528750679175	2.10450768580129	1.77150836199626	-0.360906538028014	1.74130936414294	1.60831240180826	1.71030758483469	1.84423233662413	1.62622739946173	4.5	ENC_17560	BN373_15691	ERS227112_03442	ROD_09951	SL1344_0933	SL3261_0933	STMMW_10071	STM_MW10071	SEN0900	t1938	EC958_1137	NCTC13441_02963	BW25113_0926	b0926
lptC	Uncharacterized protein conserved in bacteria	0.0336702272262769	-0.348262557340915	0.842305692243752	0.20950525937925	1.06961853229242	1.02125176425673	0.592581106316612	0.887804914737064	0.191420774831131	0.281251050182591	0.541295109414918	1.00138280851393	0.278187110804642	-4.5	ENC_34360	BN373_42591	ERS227112_00989	ROD_46211	SL1344_3289	SL3261_3289	STMMW_33161	STM_MW33161	SEN3150	t3234	EC958_3599	NCTC13441_00493	BW25113_3199	b3199
rnfG	electron transport complex, RnfABCDGE type, G subunit	1.02055382702692	2.28497272582938	1.47571732626536	2.09335024796048	1.87350264306067	1.63367317249504	1.71510522158472	1.8082238096997	1.48749583702117	1.89662953795188	2.06174022743198	1.6338648246289	-4.5	4.5	ENC_13010	BN373_25501	ERS227112_04706	ROD_14361	SL1344_1387	SL3261_1387	STMMW_14581	STM_MW14581	SEN1592	t1323	EC958_1853	NCTC13441_02250	BW25113_1631	b1631
ppiB	Peptidyl-prolyl cis-trans isomerase (rotamase)-cyclophilin family	0.348374041008784	0.64855814704616	0	0.91575453676558	1.47042859866702	1.01287796827153	0.52857144793068	0.544631151158856	0.845280722851681	0.729988180216195	0.0269150439595599	1.17612865236572	0.262326786780075	4.5	ENC_22240	BN373_09701	ERS227112_02832	ROD_05571	SL1344_0529	SL3261_0529	STMMW_06041	STM_MW06041	SEN0517	t2325	EC958_0664	NCTC13441_03450	BW25113_0525	b0525
crr	PTS system D-glucose-specific IIA component, Glc family (TC 4.A.1.1.1)	0.748710696563343	1.26648226916821	-1.18687389120672	1.50329961185135	0.757736483456833	0.376698569931074	0.470922689187124	-4.5	0.802680969154842	-0.456885672911405	1.24647480867626	-0.189274901282946	-0.187643624755484	4.5	ENC_38370	BN373_34231	ERS227112_03815	ROD_23761	SL1344_2396	SL3261_2396	STMMW_24521	STM_MW24521	SEN2414	t0424	EC958_2744	NCTC13441_01301	BW25113_2417	b2417
smrA_2	Uncharacterized protein conserved in bacteria	2.42598636642601	2.63976184434602	1.7611845809964	2.27757602014638	2.61537165756094	2.66060390230135	2.73365755582781	2.05924313544033	2.74251502492272	2.83187057290688	2.10446792569103	2.0426842666117	-0.280214089091193	4.5	ENC_12600	BN373_20931	ERS227112_05147	ROD_16701	SL1344_1589	SL3261_1589	STMMW_16541	STM_MW16541	SEN1373	t1562	EC958_1671	NCTC13441_02425	BW25113_1340	b1340
tsaC_2	Threonylcarbamoyl-AMP synthase	-0.440872409082422	-1.04318971870855	-1.02698003128618	0.0180946456398173	-4.5	-1.29801675034488	-1.12077206245795	-4.5	-1.5263447713183	-4.5	-0.830432489627949	-4.5	-1.08602928371299	-4.5	ENC_302added	BN373_43191	ERS227112_00903	ROD_45391	SL1344_3369	SL3261_3369	STMMW_33951	STM_MW33951	SEN3230	t4102	EC958_3676	NCTC13441_00413	BW25113_3282	b3282
folA	Dihydrofolate reductase	-4.5	-4.5	2.31654651389057	-4.5	-4.5	-4.5	1.70310312030848	1.6733275326044	-1.94479798522365	1.31861722309922	1.91995703354482	2.01846177037992	-4.5	-4.5	ENC_559added	BN373_05321	ERS227112_02381	ROD_00551	SL1344_0088	SL3261_0088	STMMW_00921	STM_MW00921	SEN0089	t0090	EC958_0182	NCTC13441_03942	BW25113_0048	b0048
nemR_2	Transcriptional regulator	1.61725206528774	2.25236922621263	1.56856352157368	2.07152042551824	2.51877347104454	2.23251151484202	1.91217113831383	1.4407014915898	1.42106109652895	2.0121115894971	2.10643401239048	1.89755070857052	-4.5	4.5	ENC_13230	BN373_25691	ERS227112_04686	ROD_14201	SL1344_1369	SL3261_1369	STMMW_14401	STM_MW14401	SEN1610	t1305	EC958_1872	NCTC13441_02232	BW25113_1649	b1649
def	peptide deformylase	-1.01992482507436	2.29313214274381	-4.5	-4.5	-1.81203237227799	-4.5	-1.00675007897587	-4.5	-0.492709596732419	-4.5	-1.11924117783824	-4.5	-4.5	-4.5	ENC_25010	BN373_43231	ERS227112_00899	ROD_45351	SL1344_3373	SL3261_3373	STMMW_33991	STM_MW33991	SEN3234	t4098	EC958_3680	NCTC13441_00409	BW25113_3287	b3287
mreD	Rod shape-determining protein MreD	-0.513113925156558	-4.5	-1.63684950209159	0.173350397358723	-0.13973273307501	0.386197077939403	-0.234108739860066	-0.753418387387577	-0.263984636023929	-4.5	-1.75321725444145	-4.5	-4.5	-4.5	ENC_418added	BN373_42981	ERS227112_00949	ROD_45671	SL1344_3344	SL3261_3344	STMMW_33701	STM_MW33701	SEN3205	t3287	EC958_3640	NCTC13441_00451	BW25113_3249	b3249
secB	protein translocase subunit secB	0.469797280191644	-4.5	0.341581946798736	-1.34474862225434	1.71341721982846	2.55256806522856	0.759623522316165	1.16600774175316	1.64043966910942	0.924769354036767	1.86650943829828	0.470112062276189	1.57610589536561	4.5	ENC_02270	BN373_45951	ERS227112_00625	ROD_42071	SL1344_3667	SL3261_3667	STMMW_36891	STM_MW36891	SEN3523	t3818	EC958_4017	NCTC13441_00074	BW25113_3609	b3609
hscB	Fe-S protein assembly co-chaperone HscB	2.1595483430681	2.47361429234389	-1.57365851614583	2.80849264840926	1.8729241494251	2.05941121994258	0	1.03168222373155	1.7421124644964	1.1324024408974	1.44182670869619	0.852541073766666	0.638438348257851	4.5	ENC_37270	BN373_35161	ERS227112_00057	ROD_24711	SL1344_2502	SL3261_2502	STMMW_25571	STM_MW25571	SEN2520	t0316	EC958_2837	NCTC13441_01209	BW25113_2527	b2527
fur	Fe2+/Zn2+ uptake regulation proteins	0.202931092934397	1.60235475847423	0.893523116307041	1.28485873993046	1.60799648684341	2.03857561151412	1.79037364294441	-4.5	1.37348453060145	1.09167446707601	-0.129022064188259	-0.749487115763676	0.872794466514998	4.5	ENC_20430	BN373_12771	ERS227112_03147	ROD_06911	SL1344_0675	SL3261_0675	STMMW_07511	STM_MW07511	SEN0657	t2182	EC958_0801	NCTC13441_03308	BW25113_0683	b0683
rnhA	RNase HI	2.08136063694678	2.28221495232025	1.99654742473756	2.14277342573257	2.42376179174123	2.1769255742683	2.24727951253101	-0.651024290811683	2.03618843093468	0.825251989456154	2.057181891589	2.2029848537893	0.403425514067107	4.5	ENC_24800	BN373_07141	ERS227112_02569	ROD_02191	SL1344_0258	SL3261_0258	STMMW_02621	STM_MW02621	SEN0265	t2602	EC958_0357	NCTC13441_03762	BW25113_0214	b0214
tadA	tRNA-specific adenosine deaminase	-0.334643498655638	1.28685631696231	-1.58445887066572	-0.891282348193734	-0.505531943421299	-1.4150207115847	0.184882231017511	-4.5	-4.5	-4.5	-4.5	-0.921935548951665	-4.5	-4.5	ENC_439added	BN373_35421	ERS227112_00029	ROD_25031	SL1344_2530	SL3261_2530	STMMW_25841	STM_MW25841	SEN2548	t0289	EC958_2865	NCTC13441_01180	BW25113_2559	b2559
sodC	Cu/Zn superoxide dismutase	1.44929991166733	2.222582857021	1.49460642194971	1.98663162413311	2.26926308710824	2.21606454527904	2.04939660447556	1.80137375659577	1.43559657730685	2.08461575032691	2.14841868316436	1.40626030511212	-4.5	4.5	ENC_13190	BN373_25661	ERS227112_04689	ROD_14221	SL1344_1372	SL3261_1372	STMMW_14431	STM_MW14431	SEN1607	t1308	EC958_1869	NCTC13441_02235	BW25113_1646	b1646
ybeY	conserved hypothetical protein TIGR00043	-4.5	-4.5	-4.5	-4.5	-4.5	-0.457588690614109	-1.04551356933844	-4.5	-0.906418598740767	-4.5	-0.203272108307696	-0.12262858260719	-0.612966757419516	4.5	ENC_20580	BN373_12641	ERS227112_03126	ROD_06711	SL1344_0657	SL3261_0657	STMMW_07331	STM_MW07331	SEN0637	t2205	EC958_0777	NCTC13441_03338	BW25113_0659	b0659
rimP	Uncharacterized protein conserved in bacteria	1.39430597806436	1.89467941743236	0.588448437821748	0.983588395683694	0.634453613803121	1.28981746581726	0.810930563346975	-0.610951581907625	0.660037296094515	0.912669863884546	1.3199897193797	1.09064603568736	1.63405607623467	4.5	ENC_34080	BN373_42301	ERS227112_01022	ROD_46621	SL1344_3261	SL3261_3261	STMMW_32881	STM_MW32881	SEN3123	t3206	EC958_3572	NCTC13441_00524	BW25113_3170	b3170
nrdR	Transcriptional repressor NrdR	1.70426101337888	1.04396522805316	1.99593457299881	1.6932138534821	2.4580530683501	1.78293523391541	2.03778695930788	1.9402518076555	1.9021783044085	2.12136539274186	1.38189180440043	0.608026828024551	-0.595333520292257	4.5	ENC_288added	BN373_08541	ERS227112_02716	ROD_04621	SL1344_0409	SL3261_0409	STMMW_04851	STM_MW04851	SEN0397	t2448	EC958_0551	NCTC13441_03566	BW25113_0413	b0413
dnaT	primosomal protein I	-4.5	-4.5	-4.5	-1.31364880912014	-4.5	-4.5	-4.5	-4.5	-1.52976964757393	-4.5	-4.5	-4.5	-1.01415948375966	4.5	ENC_44800	BN373_04401	ERS227112_02290	ROD_48611	SL1344_4475	SL3261_4475	STMMW_44901	STM_MW44901	SEN4309	t4587	EC958_0092	NCTC13441_04034	BW25113_4362	b4362
rplK	LSU ribosomal protein L11P	-4.5	-4.5	-4.5	-1.10818285186426	-1.15485388537509	-4.5	-1.73659741625584	-4.5	-0.66835209257192	-1.33801636342084	-1.82617241518646	-4.5	-4.5	4.5	ENC_01430	BN373_49761	ERS227112_01830	ROD_37691	SL1344_4088	SL3261_4088	STMMW_41021	STM_MW41021	SEN3933	t3478	EC958_5094	NCTC13441_04513	BW25113_3983	b3983
matP	Uncharacterized protein conserved in bacteria	2.32632073284847	2.79878197144711	2.34538716481728	2.08980788028238	1.71877954681812	2.09744037913669	1.53641840151585	1.9433795798922	1.58502668246272	1.41299087317273	1.45910753927948	1.39375473884204	-4.5	4.5	ENC_16720	BN373_15971	ERS227112_03469	ROD_10181	SL1344_1009	SL3261_1009	STMMW_10821	STM_MW10821	SEN0934	t1851	EC958_1160	NCTC13441_02940	BW25113_0956	b0956
holC	DNA polymerase III, chi subunit	-0.814419281133328	0.807881941356873	-4.5	-0.404952163081709	1.54227244382772	1.16132043793278	-0.130104185965564	-4.5	1.57839370529226	0.623975347823521	1.66285694950292	1.81492599455506	-0.262792267133341	4.5	ENC_34510	BN373_02811	ERS227112_02146	ROD_33251	SL1344_4406	SL3261_4406	STMMW_44221	STM_MW44221	SEN4229	t4511	EC958_4753	NCTC13441_04189	BW25113_4259	b4259
rplP	LSU ribosomal protein L16P	-4.5	-4.5	-4.5	-4.5	-1.61316132304119	-4.5	0.43823675642048	-4.5	-1.19505082983642	-4.5	-4.5	-4.5	-4.5	-4.5	ENC_25270	BN373_43491	ERS227112_00874	ROD_45091	SL1344_3400	SL3261_3400	STMMW_34251	STM_MW34251	SEN3261	t4072	EC958_3706	NCTC13441_00382	BW25113_3313	b3313
ratA	Oligoketide cyclase/lipid transport protein	0.970231250059477	2.24447832773817	1.58740315384051	1.71055712023921	1.72670327243649	0.0776783457483742	1.89968577012863	0.564229584940012	1.30350595522382	-1.36919022821634	1.84925259566529	1.17282618156757	1.17042413917199	4.5	ENC_28170	BN373_35951	ERS227112_01702	ROD_25681	SL1344_2659	SL3261_2659	STMMW_27011	STM_MW27011	SEN2607	t2641	EC958_2921	NCTC13441_01123	BW25113_2619	b2619
nusB	N utilization substance protein B	-4.5	1.1163380641733	-0.823592219524304	-4.5	-4.5	-4.5	-4.5	-4.5	-0.451687659414056	-4.5	-4.5	-4.5	-0.524735420263108	4.5	ENC_287added	BN373_08571	ERS227112_02719	ROD_04651	SL1344_0412	SL3261_0412	STMMW_04881	STM_MW04881	SEN0400	t2445	EC958_0554	NCTC13441_03563	BW25113_0416	b0416
slyB	Outer membrane lipoprotein	2.73826982859528	2.9746591069692	2.26433164251142	2.19920772441291	2.31787363502381	2.69047832272916	2.60711539942391	-4.5	1.70156275814753	2.38771962677232	2.78359803323402	2.14100850042387	1.69619615505972	4.5	ENC_13120	BN373_25601	ERS227112_04695	ROD_14261	SL1344_1377	SL3261_1377	STMMW_14481	STM_MW14481	SEN1602	t1313	EC958_1864	NCTC13441_02240	BW25113_1641	b1641
folK	2-amino-4-hydroxy-6-hydroxymethyldihydropteridine pyrophosphokinase	-0.648724336381344	-4.5	-4.5	-0.955861965559942	-4.5	1.25114106524522	0.22740158395996	-4.5	-1.88458417806269	-0.479624203892882	-0.487947431044898	0.172132893881084	-4.5	-4.5	ENC_46570	BN373_06321	ERS227112_02483	ROD_01461	SL1344_0184	SL3261_0184	STMMW_01891	STM_MW01891	SEN0188	t0191	EC958_0285	NCTC13441_03838	BW25113_0142	b0142
yaiI	Uncharacterized protein conserved in bacteria	2.16475354928104	2.00079464567729	2.13599745148816	1.60512212467915	1.67642198027605	1.69226572283757	1.398792976338	-0.116538127276873	1.39522611765846	0.878253196632333	1.99631611696251	1.92453898319029	1.65339125962071	4.5	ENC_23740	BN373_08181	ERS227112_02680	ROD_04311	SL1344_0382	SL3261_0382	STMMW_04571	STM_MW04571	SEN0370	t2477	EC958_0524	NCTC13441_03591	BW25113_0387	b0387
rpsI	SSU ribosomal protein S9P	0.211817286471454	0.438134831375355	-0.770301132715024	0.608849605994985	0.889182893915796	0.0452941070682329	0.837307761789155	-4.5	0.121456953672727	-0.723788940351788	0.660242729153018	-1.19298461676657	-4.5	4.5	ENC_34730	BN373_42791	ERS227112_00968	ROD_45931	SL1344_3316	SL3261_3316	STMMW_33431	STM_MW33431	SEN3177	t3260	EC958_3622	NCTC13441_00469	BW25113_3230	b3230
iscU	FeS cluster assembly scaffold IscU	2.13918067089389	1.20379811251151	-4.5	1.35449569100076	0.9244230999988	1.77879541791158	-4.5	0.219613796528755	1.04728748445636	0.32177457478316	-0.00543865320799916	-0.651942879016863	0.233589587322184	4.5	ENC_37250	BN373_35181	ERS227112_00055	ROD_24731	SL1344_2504	SL3261_2504	STMMW_25591	STM_MW25591	SEN2522	t0314	EC958_2840	NCTC13441_01207	BW25113_2529	b2529
rpsF	ribosomal protein S6	-4.5	0.0269578270964112	-4.5	-4.5	1.21028970880842	-1.5370667011444	-4.5	-4.5	0.80345566790619	-4.5	0.225213939436756	-4.5	-0.0408346193772793	4.5	ENC_43000	BN373_02051	ERS227112_02072	ROD_32551	SL1344_4324	SL3261_4324	STMMW_43351	STM_MW43351	SEN4157	t4442	EC958_4687	NCTC13441_04253	BW25113_4200	b4200
hns	nucleoid protein H-NS	1.74346158318609	3.54236960202678	1.62696575007935	2.85868837754638	-0.388681020431353	1.49805086210362	0.974847352473924	-4.5	0.345383946063859	3.318343884373	1.5216273622796	1.57017815971681	2.03329930035223	4.5	ENC_07950	BN373_27971	ERS227112_04471	ROD_17711	SL1344_1682	SL3261_1682	STMMW_17461	STM_MW17461	SEN1285	t1662	EC958_1510	NCTC13441_02598	BW25113_1237	b1237
exbD	outer membrane transport energization protein ExbD (TC 2.C.1.1.1)	1.98938234908737	1.59528190265522	1.99266562904378	2.18750406914741	2.09359893735857	1.66536149677401	1.13502079202564	0	1.51256777595718	1.96639395948871	1.73386542422956	1.14688533620121	2.09825752806374	4.5	ENC_32440	BN373_40781	ERS227112_01182	ROD_35541	SL1344_3132	SL3261_3132	STMMW_31181	STM_MW31181	SEN3001	t3078	EC958_3398	NCTC13441_00701	BW25113_3005	b3005
rbfA	ribosome-binding factor A	1.09126819335076	0.69206908358401	0.128590540722143	0.539090881550079	0.43454631237108	0.062781326429891	0.053645174377137	0.535153908036427	-0.468638961032515	-0.853583919198518	0.269529151300209	-0.0833758962478364	-0.820734975524394	4.5	ENC_34050	BN373_42271	ERS227112_01025	ROD_46651	SL1344_3258	SL3261_3258	STMMW_32851	STM_MW32851	SEN3120	t3203	EC958_3569	NCTC13441_00527	BW25113_3167	b3167
ydcZ	Uncharacterized protein conserved in bacteria	2.13707513122568	2.71484646962301	1.45634297902678	2.33807071811686	2.01016918217154	1.68218657085034	0.869027153814334	0.356381215084952	1.2187301649302	1.5197281664699	2.18997837929293	2.04704844008624	-4.5	4.5	ENC_09430	BN373_24921	ERS227112_04761	ROD_15841	SL1344_1522	SL3261_1522	STMMW_15861	STM_MW15861	SEN1464	t1501	EC958_1722	NCTC13441_02372	BW25113_1447	b1447
yhcB	Uncharacterized protein conserved in bacteria	2.87607135362824	2.78825698294851	2.5846434408594	2.11869940153475	2.68284079164087	2.8017478940197	2.7047999460355	2.49472118523334	2.53052081885131	2.3377159930785	2.4724172148953	2.12194726143751	-0.718038770899099	4.5	ENC_34760	BN373_42821	ERS227112_00965	ROD_45901	SL1344_3319	SL3261_3319	STMMW_33461	STM_MW33461	SEN3180	t3263	EC958_3625	NCTC13441_00466	BW25113_3233	b3233
secM	Secretion monitor precursor protein (SecM).	1.95698134726453	0.425730189839755	1.80091822137454	1.5841493415804	0.815579744775561	1.72497053174515	1.6270213520769	0.932895466449567	0.994969879029185	1.07356265314889	0.27742630755305	0.831061572655675	1.24180152882223	-4.5	ENC_46090	BN373_05901	ERS227112_02438	ROD_01031	SL1344_0135	SL3261_0135	STMMW_01411	STM_MW01411	SEN0136	t0139	EC958_0238	NCTC13441_03888	BW25113_0097	b0097
ftsL	cell division protein FtsL	-4.5	-4.5	0.425890830026542	-4.5	0.603752494349921	-4.5	-4.5	-0.312301336863344	1.01350000659362	-4.5	0.342277769586271	-4.5	-4.5	-4.5	ENC_45950	BN373_05761	ERS227112_02424	ROD_00891	SL1344_0121	SL3261_0121	STMMW_01271	STM_MW01271	SEN0122	t0125	EC958_0223	NCTC13441_03902	BW25113_0083	b0083
grxD	glutaredoxin-related protein	1.4880620815154	2.02123249174991	1.2633239747167	2.0391118329285	2.22577747784936	1.33857505966947	1.76089947489765	-4.5	1.74970544969008	2.09919759348901	2.09730220469558	1.34087559980161	-4.5	4.5	ENC_13270	BN373_25731	ERS227112_04682	ROD_14161	SL1344_1365	SL3261_1365	STMMW_14361	STM_MW14361	SEN1614	t1301	EC958_1876	NCTC13441_02228	BW25113_1654	b1654
rplT	LSU ribosomal protein L20P	-0.910312813505677	0.219093552393427	-4.5	-0.949121491364121	-4.5	-4.5	-4.5	-4.5	-4.5	-4.5	-4.5	-4.5	-4.5	-4.5	ENC_14150	BN373_27631	ERS227112_04495	ROD_13401	SL1344_1270	SL3261_1270	STMMW_13431	STM_MW13431	SEN1708	t1216	EC958_1937	NCTC13441_02163	BW25113_1716	b1716
msyB	hypothetical protein	2.36560349920817	1.73754349318836	1.97234912437445	1.53066667436215	1.94924138379658	1.98076903817947	2.05092219816693	1.72497398673892	1.47482624240047	1.29426620639647	0.787487171926969	0.0726470686533408	-0.181799940821379	4.5	ENC_15890	BN373_16801	ERS227112_03543	ROD_11111	SL1344_1090	SL3261_1090	STMMW_11611	STM_MW11611	SEN1895	t1767	EC958_1246	NCTC13441_02860	BW25113_1051	b1051
rplS	LSU ribosomal protein L19P	-0.503948908419109	-4.5	-4.5	-4.5	1.05346587477415	-1.0384400514177	0.138540715747102	-4.5	-0.430288637612052	-1.05976215593651	-4.5	-0.575864249145638	-4.5	-4.5	ENC_28050	BN373_35831	ERS227112_01714	ROD_25561	SL1344_2646	SL3261_2646	STMMW_26871	STM_MW26871	SEN2594	t2628	EC958_2908	NCTC13441_01135	BW25113_2606	b2606
rpsM	30S ribosomal protein S13	-4.5	-4.5	-4.5	-0.896261546525322	-1.46734499109181	-1.52964077297032	-4.5	-4.5	-1.05664003823808	-4.5	-4.5	-4.5	-4.5	4.5	ENC_305added	BN373_43351	ERS227112_00887A	ROD_45231	SL1344_3385	SL3261_3385	STMMW_34111	STM_MW34111	SEN3246	t4087	EC958_3692	NCTC13441_1added	BW25113_3298	b3298
fdx	ferredoxin, 2Fe-2S type, ISC system	2.67331368303835	2.44015928523436	-4.5	2.68005595055708	2.16125750350491	2.08226055489425	-0.669202115091152	1.97241459794232	1.92631137805325	1.5593293715699	0.646331262975448	0.588227592563084	0.776928366781762	4.5	ENC_37290	BN373_35141	ERS227112_00059	ROD_24691	SL1344_2500	SL3261_2500	STMMW_25551	STM_MW25551	SEN2518	t0318	EC958_2835	NCTC13441_01211	BW25113_2525	b2525
folB	dihydroneopterin aldolase	-1.32179496380033	0.470931761886783	-4.5	-0.223041431858425	-1.39153659398809	-4.5	-0.551542549554136	-4.5	-0.690822218820636	-4.5	-0.553135074832927	-1.01977715982915	-4.5	4.5	ENC_32980	BN373_41151	ERS227112_01144	ROD_36031	SL1344_3179	SL3261_3179	STMMW_31671	STM_MW31671	SEN3048	t3126	EC958_3463	NCTC13441_00634	BW25113_3058	b3058
tusE	sulfur relay protein, TusE/DsrC/DsvC family	0.196803781194891	0.938324030674775	-4.5	2.10499084678094	0.572109346285208	1.039469424133	0.41181694753724	0.206689559896392	1.13276393797865	-0.213347617710132	0.174019623031753	0.899173145845253	1.41408112881756	4.5	ENC_16580	BN373_16191	ERS227112_03483	ROD_10311	SL1344_1024	SL3261_1024	STMMW_10971	STM_MW10971	SEN0949	t1835	EC958_1174	NCTC13441_02927	BW25113_0969	b0969
tusD	sulfur relay protein TusD/DsrE	0.476910270294263	0.439112636045754	-4.5	2.02298587031961	1.6920140769879	2.28754234289679	1.96880536178072	0.818528740155528	1.46906287275231	0.363225929156514	1.74069436231026	1.11008046513294	2.08527640375902	4.5	ENC_25440	BN373_43671	ERS227112_00856	ROD_44741	SL1344_3418	SL3261_3418	STMMW_34431	STM_MW34431	SEN3279	t4054	EC958_3741	NCTC13441_00350	BW25113_3345	b3345
priB	restart primosome assembly protein PriB	0.0659380937499738	1.35461641619111	-4.5	-4.5	1.86676462663792	0.771605405393455	-0.400351899188245	-4.5	0.79120939434021	-4.5	0.859104091531516	0.397328145273366	1.57369145297132	4.5	ENC_43010	BN373_02061	ERS227112_02073	ROD_32552	SL1344_4325	SL3261_4325	STMMW_43361	STM_MW43361	SEN4158	t4443	EC958_4688	NCTC13441_04252	BW25113_4201	b4201
wzb	protein tyrosine phosphatase	2.39488151273138	2.81472336587587	3.25017196282553	2.2462097379522	1.78619231560586	2.12479443261449	0.62571225937397	0.990432315339695	1.26628001797286	0.875803611815962	1.52935953635376	1.00423688677683	-0.482253689946344	4.5	ENC_41060	BN373_31141	ERS227112_04071A	ROD_21971	SL1344_2094	SL3261_2094	STMMW_21491	STM_MW21491	SEN2113	t0755	EC958_2401	NCTC13441_01651	BW25113_2061	b2061
nudG	ADP-ribose pyrophosphatase	2.32313134393095	-4.5	1.78699146366621	2.0210341921565	2.18232384448297	2.30841533110094	1.3300898871771	2.32343289368225	1.5518963440161	1.24949766392994	2.04556028885205	2.07590140594341	1.48981602762604	4.5	ENC_14560	BN373_18341	ERS227112_05522	ROD_12991	SL1344_1236	SL3261_1236	STMMW_13081	STM_MW13081	SEN1742	t1180	EC958_1980	NCTC13441_02121	BW25113_1759	b1759
rsfS	Ribosomal silencing factor RsfS	1.69163985363064	1.57487159459041	2.07897485440096	2.13359340294955	2.32418894683877	2.36622545884854	1.9772960400468	1.3903801580345	1.89190115187624	2.31423338830771	1.71149381111901	1.95666373361866	-4.5	4.5	ENC_242added	BN373_12491	ERS227112_03111	ROD_06551	SL1344_0630	SL3261_0630	STMMW_07071	STM_MW07071	SEN0611	t2225	EC958_0756	NCTC13441_03358	BW25113_0637	b0637
ftsB	cell division protein FtsB	-4.5	-4.5	0.161452604767376	-4.5	0.219865423364303	-1.08939278585233	0.416240864801216	-4.5	-1.4531931436581	-4.5	-4.5	-0.677126201445803	-0.343198630749168	-4.5	ENC_30030	BN373_37541	ERS227112_01550	ROD_30611	SL1344_2910	SL3261_2910	STMMW_28941	STM_MW28941	SEN2770	t2832	EC958_3019	NCTC13441_01025	BW25113_2748	b2748
yebY	Protein of unknown function (DUF2511).	2.13160468112119	2.49821337647704	1.71273471782646	2.61832679557863	1.93169927908168	2.45702432270589	2.21791846540759	-4.5	1.99527558620406	2.26031946225612	1.52612841672691	2.0547066679805	2.26430498361561	4.5	ENC_06550	BN373_29421	ERS227112_04305	ROD_18781	SL1344_1807	SL3261_1807	STMMW_18541	STM_MW18541	SEN1130	t1004	EC958_2059	NCTC13441_02046	BW25113_1839	b1839
secG	protein translocase subunit secG	2.09321407283568	2.04065037898178	-4.5	1.62678561599654	2.20024018992907	2.37176191810307	1.33335757260353	1.82616656738608	1.70022360674229	1.56848924368541	2.1736111758693	1.63478221672988	-4.5	4.5	ENC_34100	BN373_42351	ERS227112_01014	ROD_46581	SL1344_3264	SL3261_3264	STMMW_32911	STM_MW32911	SEN3126	t3210	EC958_3575	NCTC13441_00518	BW25113_3175	b3175
ihfB	integration host factor, beta subunit	2.13153977855767	2.5947719634047	1.68246068455999	-0.403116781816489	2.14667670398744	1.99985470150001	1.64549268350715	1.71142304327745	1.60268369317078	2.02255515613479	1.76753628768648	1.46764353384201	2.31637062392262	4.5	ENC_17710	BN373_15551	ERS227112_03427	ROD_09801	SL1344_0919	SL3261_0919	STMMW_09931	STM_MW09931	SEN0886	t1952	EC958_1122	NCTC13441_02977	BW25113_0912	b0912
yggX	Fe-S cluster protector protein	2.62198149172189	2.14544601624795	2.32190376608521	1.67534229265336	2.44612019904054	2.45820172491031	2.4011745791028	2.32445490669059	1.99851071163457	1.63121034696643	2.25675925996332	2.16833219233418	-0.195028708223242	4.5	ENC_32120	BN373_40501	ERS227112_01269	ROD_50251	SL1344_3086	SL3261_3086	STMMW_30721	STM_MW30721	SEN2954	t3024	EC958_3252	NCTC13441_00786	BW25113_2962	b2962
ynfB	Protein of unknown function (DUF1283).	1.47976436423336	2.06234876032147	1.76468440757001	1.96430134278262	2.15363857369861	1.49587696814283	1.9654796349239	-4.5	1.08319832699985	1.90792484441943	2.30374591643252	2.55611285627568	0.91793371068352	4.5	ENC_12090	BN373_21411	ERS227112_05100	ROD_14801	SL1344_1433	SL3261_1433	STMMW_15031	STM_MW15031	SEN1547	t1424	EC958_1801	NCTC13441_02301	BW25113_1583	b1583
tusC	sulfur relay protein TusC/DsrF	-0.700640747114553	0.108704036421964	-4.5	2.0465784162056	1.40330968615972	1.4501880543729	1.60970453704637	0.897572409402227	0.736694015146247	-0.656127338457782	1.22799940588893	1.18502938287589	1.69023383204614	4.5	ENC_25430	BN373_43661	ERS227112_00857	ROD_44751	SL1344_3417	SL3261_3417	STMMW_34421	STM_MW34421	SEN3278	t4055	EC958_3740	NCTC13441_00351	BW25113_3344	b3344
rpsQ	30S ribosomal protein S17	-4.5	-4.5	-4.5	-4.5	-4.5	-4.5	-4.5	-4.5	-4.5	-4.5	-4.5	-4.5	-4.5	4.5	ENC_25250	BN373_43471	ERS227112_00876	ROD_45111	SL1344_3398	SL3261_3398	STMMW_34241	STM_MW34241	SEN3259	t4074	EC958_3704	NCTC13441_00384	BW25113_3311	b3311
minE	cell division topological specificity factor MinE	-4.5	-4.5	0.0875336117160034	-0.331327540363427	0.44685556321479	-4.5	-4.5	2.16402013758649	0.794438436990567	-0.714189284005579	-4.5	-0.272135290441093	-4.5	-4.5	ENC_06940	BN373_29031	ERS227112_04346	ROD_18401	SL1344_1744	SL3261_1744	STMMW_18081	STM_MW18081	SEN1221	t1061	EC958_1412	NCTC13441_02706	BW25113_1174	b1174
ybeD	Uncharacterized conserved protein	-0.963998115698731	1.98896157366255	-0.232291292245068	-4.5	0.106724242750881	0.815587930076125	1.72137269644363	-4.5	1.13589244597798	0.597134798646544	1.33866527123689	1.53624079867691	-0.14633350650436	4.5	ENC_20780	BN373_12431	ERS227112_03105	ROD_06491	SL1344_0624	SL3261_0624	STMMW_07011	STM_MW07011	SEN0605	t2231	EC958_0749	NCTC13441_03364	BW25113_0631	b0631
rplY	LSU ribosomal protein L25P	-0.734266706342429	-4.5	-4.5	-4.5	-4.5	-4.5	-4.5	-4.5	-1.08278159813566	-0.424176044615901	-1.00335210852095	-4.5	-4.5	4.5	ENC_39830	BN373_32241	ERS227112_03962	ROD_23161	SL1344_2201	SL3261_2201	STMMW_22551	STM_MW22551	SEN2217	t0630	EC958_2523	NCTC13441_01524	BW25113_2185	b2185
yeaC	Uncharacterized protein conserved in bacteria	2.25501794040435	1.85519115919628	1.04352258587374	1.82396996796994	2.21982744717656	2.1976188075817	1.87139024066864	-4.5	1.84643031763468	1.64328477237082	2.01070442131329	1.59881065851994	2.69208798116721	4.5	ENC_14740	BN373_18211	ERS227112_03667	ROD_12751	SL1344_1227	SL3261_1227	STMMW_12991	STM_MW12991	SEN1760	t1171	EC958_1999	NCTC13441_02103	BW25113_1777	b1777
tusA	Predicted redox protein, regulator of disulfide bond formation	1.02675960749494	1.10239459259247	-4.5	1.87025661170033	0.0941784834149954	1.23418793133203	0.419441610408354	0.317868774459509	0.415530166482024	0.0366950384025083	0.9492962664155	0.541090206678746	1.92403554163526	4.5	ENC_26650	BN373_44711	ERS227112_00749	ROD_43471	SL1344_3543	SL3261_3543	STMMW_35671	STM_MW35671	SEN3401	t3944	EC958_3864	NCTC13441_00230	BW25113_3470	b3470
acpP	acyl carrier protein	-4.5	-4.5	-0.165903551320565	-4.5	-4.5	-4.5	-4.5	-4.5	0.165954672884429	-4.5	-4.5	-4.5	-4.5	-4.5	ENC_15450	BN373_17061	ERS227112_03570	ROD_11561	SL1344_1133	SL3261_1133	STMMW_12051	STM_MW12051	SEN1853	t1724	EC958_1290	NCTC13441_02818	BW25113_1094	b1094
rpsP	SSU ribosomal protein S16P	-4.5	-4.5	-4.5	-4.5	-4.5	-0.706865711332633	-4.5	0.136477875488948	-4.5	-0.0336103092986925	-4.5	-4.5	-4.5	-4.5	ENC_28080	BN373_35861	ERS227112_01711	ROD_25591	SL1344_2649	SL3261_2649	STMMW_26901	STM_MW26901	SEN2597	t2631	EC958_2911	NCTC13441_01132	BW25113_2609	b2609
yccJ	hypothetical protein	2.05044623011839	1.32310632029621	1.75878019445136	1.91754693144541	2.444141453062	2.15395190156562	1.34266860469324	1.75793863947152	1.67944894307743	1.78990510943203	1.76475226015851	1.48338039899766	-4.5	4.5	ENC_16410	BN373_16411	ERS227112_03507	ROD_10631	SL1344_1057	SL3261_1057	STMMW_11281	STM_MW11281	SEN0982	t1802	EC958_1200	NCTC13441_02902	BW25113_1003	b1003
infA	bacterial translation initiation factor 1 (bIF-1)	-0.495207819643738	0.5181820199253	-4.5	-4.5	-4.5	-4.5	-0.266308819471304	-4.5	-0.913664349424274	-4.5	-4.5	-4.5	-4.5	-4.5	ENC_17990	BN373_15321	ERS227112_03403	ROD_09485	SL1344_0891	SL3261_0891	STMMW_09651	STM_MW09651	SEN0857	t1980	EC958_0996	NCTC13441_03109	BW25113_0884	b0884
rpsU	SSU ribosomal protein S21P	-4.5	-0.0593446573305234	-4.5	-0.39285187026301	-0.183887576531634	-0.89498439439186	0.658035411486869	1.09903046438517	-0.579264142298088	-4.5	-4.5	-4.5	-4.5	-4.5	ENC_33100	BN373_41271	ERS227112_01133	ROD_36171	SL1344_3183	SL3261_3183	STMMW_31701	STM_MW31701	SEN3052	t3129	EC958_3471	NCTC13441_00627	BW25113_3065	b3065
rpmE	LSU ribosomal protein L31P	2.51602340256713	0.914949761671153	0.70633906402819	2.03646573738459	2.04502204734953	2.05547349268575	2.62589474980959	1.79235753537495	1.87812231857253	1.50537169121164	1.03454461903174	1.68243085960756	-4.5	4.5	ENC_00990	BN373_48641	ERS227112_00351	ROD_38101	SL1344_4045	SL3261_4045	STMMW_40611	STM_MW40611	SEN3886	t3522	EC958_4421	NCTC13441_04564	BW25113_3936	b3936
yobA	Uncharacterized protein, homolog of Cu resistance protein CopC	2.05199304518315	1.94802162317591	1.88358456458183	2.05179801601256	2.22954897774542	1.89382780323653	2.08608648565726	1.79627049209893	2.06351116854101	1.95124137027425	2.38837519762724	2.6540371331071	-4.5	4.5	ENC_06530	BN373_29441	ERS227112_04303	ROD_18801	SL1344_1809	SL3261_1809	STMMW_18561	STM_MW18561	SEN1128	t1002	EC958_2061	NCTC13441_02044	BW25113_1841	b1841
ybdD	Uncharacterized small protein	2.1226172623574	2.94372780913181	2.42761544313152	-0.0388784347980177	2.10197419169045	1.61937251316145	2.10282562643118	2.53788128415516	1.13973347708872	0.456075353922024	1.62438248832127	1.11999507565239	0.0766269641518422	4.5	ENC_21340	BN373_11951	ERS227112_03055	ROD_06111	SL1344_0589	SL3261_0589	STMMW_06661	STM_MW06661	SEN0570	t2267	EC958_0719	NCTC13441_03396	BW25113_4512	b4512
iscX	FeS assembly protein IscX	1.97661530281669	2.08065869392257	1.16295578658999	2.00632695726365	1.5786507602218	2.31075910829748	2.04430157416631	1.97791494557985	2.11424648367922	2.2760196742478	1.49896711251167	1.95180609990448	-4.5	4.5	ENC_37300	BN373_35131	ERS227112_00060	ROD_24681	SL1344_2499	SL3261_2499	STMMW_25541	STM_MW25541	SEN2517	t0319	EC958_2834	NCTC13441_01212	BW25113_2524	b2524
ybcJ	Uncharacterized conserved protein	2.23345405546055	2.46631428076243	1.81342543600005	2.03804545635578	2.25643907089171	1.85304767191573	1.8310192240344	2.06870486871036	1.6768318192532	1.96832764516793	2.02141348386563	1.88021841068171	-4.5	4.5	ENC_22190	BN373_09721	ERS227112_02834	ROD_05601	SL1344_0534	SL3261_0534	STMMW_06091	STM_MW06091	SEN0522	t2322	EC958_0667	NCTC13441_03447	BW25113_0528	b0528
moaD	molybdopterin synthase subunit MoaD	2.39092249823955	2.57070422571337	1.81803546856946	1.0051377503518	1.80780689152497	0.874062006416986	0.735062612438518	-4.5	1.42594471517976	1.31913845379569	1.84155120706209	2.23586044734712	1.67938072347089	4.5	ENC_19530	BN373_13761	ERS227112_03248	ROD_07851	SL1344_0781	SL3261_0781	STMMW_08571	STM_MW08571	SEN0751	t2082	EC958_0896	NCTC13441_03210	BW25113_0784	b0784
pspG	phage shock protein G	2.05166937810832	1.70270423163689	2.13975023241775	1.43658145433892	2.11665262054665	1.96278435285805	1.85773849509233	1.85697645071124	2.05302399224613	-0.398247806311461	1.83811951188487	1.98537996270167	2.64075352929465	4.5	ENC_04810	BN373_00441	ERS227112_01909	ROD_36411	SL1344_4180	SL3261_4180	STMMW_41941	STM_MW41941	SEN4013	t4150	EC958_4504	NCTC13441_04438	BW25113_4050	b4050
yecH	Protein of unknown function (DUF2492).	2.89362651006942	3.01214433224994	2.56456678882119	2.01169026832483	2.00165068868798	2.34507876402578	2.11543877897793	2.76856118549184	1.4353119032273	2.76736453574698	2.45923201155523	2.43328231510709	-4.5	4.5	ENC_05780	BN373_29891	ERS227112_04258	ROD_19611	SL1344_1869	SL3261_1869	STMMW_19181	STM_MW19181	SEN1069	t0942	EC958_2126	NCTC13441_01978	BW25113_1906	b1906
tusB	sulfur relay protein TusB/DsrH	-0.481868372429913	1.02050224570006	-1.01507592175924	1.40009063431214	0.807531769795188	1.80503277984078	1.71960759710955	0.825061379928089	1.41099845611183	-4.5	0.935853537145913	0.710450698826931	-0.393781183481254	4.5	ENC_25420	BN373_43651	ERS227112_00858	ROD_44761	SL1344_3416	SL3261_3416	STMMW_34411	STM_MW34411	SEN3277	t4056	EC958_3739	NCTC13441_00352	BW25113_3343	b3343
csrA	carbon storage regulator (csrA)	1.49953819024147	1.17445651042779	-0.122215073809675	1.56144585624805	0.120868140993456	-0.484354659639943	-0.417139173368095	-4.5	0.348029233833042	-4.5	1.20361992297022	-0.047492933066798	-4.5	-4.5	ENC_29410	BN373_36611	ERS227112_01633	ROD_31181	SL1344_2806	SL3261_2806	STMMW_27881	STM_MW27881	SEN2667	t2727	EC958_2961	NCTC13441_01081	BW25113_2696	b2696
rpmF	LSU ribosomal protein L32P	0.936931703084497	1.62068903625148	0.14903639048734	0.769200952091932	2.23886520403806	1.20165275599784	0.893597754430896	-4.5	1.31338576765798	0.611478092858194	1.86486955232897	1.23113546387906	-4.5	4.5	ENC_15510	BN373_17011	ERS227112_03565	ROD_11511	SL1344_1128	SL3261_1128	STMMW_12001	STM_MW12001	SEN1858	t1729	EC958_1285	NCTC13441_02823	BW25113_1089	b1089
rpmD	LSU ribosomal protein L30P	-4.5	-4.5	-4.5	-4.5	-0.780500864913725	-4.5	-4.5	-4.5	-0.36720300620457	-4.5	-4.5	-4.5	0.0759810425156433	-4.5	ENC_25160	BN373_43381	ERS227112_00885	ROD_45201	SL1344_3389	SL3261_3389	STMMW_34151	STM_MW34151	SEN3250	t4083	EC958_3695	NCTC13441_00393	BW25113_3302	b3302
ybfA	Protein of unknown function (DUF2517).	2.29168864234765	2.96909616372155	2.54525391660109	2.47390726942595	2.42718549440825	2.77850584546616	2.3766402296408	2.17654700017648	2.32173827206439	2.94974382510924	2.89242128929719	1.82447155299169	-4.5	4.5	ENC_20280	BN373_12891	ERS227112_03159	ROD_07051	SL1344_0689	SL3261_0689	STMMW_07651	STM_MW07651	SEN0671	t2168	EC958_0815	NCTC13441_03295	BW25113_0699	b0699
rpmG	LSU ribosomal protein L33P	1.45788614525464	1.99414492135651	-0.684902384713315	1.8500487494454	1.68968388986713	1.60528096567446	1.70489874611107	-4.5	0.84631844473054	2.19802630970833	1.30923643008224	1.37611233052124	1.81001870094973	4.5	ENC_02550	BN373_46191	ERS227112_00601	ROD_41791	SL1344_3693	SL3261_3693	STMMW_37161	STM_MW37161	SEN3549	t3791	EC958_4044	NCTC13441_00047	BW25113_3636	b3636
tatE	Sec-independent protein translocase TatE	2.58398020430168	2.23399149188566	2.20076336223069	2.92410726811407	2.20046645784928	2.06615265650948	1.7256435412487	-4.5	1.2723982718319	1.5429323923108	2.5112780325975	1.79189919085544	1.48596405853742	4.5	ENC_20830	BN373_12391	ERS227112_03101	ROD_06411	SL1344_0620	SL3261_0620	STMMW_06971	STM_MW06971	SEN0601	t2235	EC958_0745	NCTC13441_03368	BW25113_0627	b0627
ydiZ	Protein of unknown function (DUF2622).	2.56497590496825	2.84441091297955	2.1235658900548	1.97732935173402	1.8979840483962	2.01555826896538	1.31026690561312	-4.5	0.992709605420234	0.939374892972068	2.92575277909886	2.12751512153377	1.80907052635649	4.5	ENC_14240	BN373_27701	ERS227112_04488	ROD_13321	SL1344_1260	SL3261_1260	STMMW_13321	STM_MW13321	SEN1718	t1205	EC958_1946	NCTC13441_02155	BW25113_1724	b1724
ycaR	Uncharacterized conserved protein	1.30435472526285	0.754056849116592	2.15326111741974	1.13159088422871	1.5989810846619	-0.200834171948515	-0.116973062220509	0.753864950042028	0.650573411949718	-4.5	0.335493251566189	-4.5	0.440961474935044	4.5	ENC_17660	BN373_15601	ERS227112_03432	ROD_09851	SL1344_0924	SL3261_0924	STMMW_09981	STM_MW09981	SEN0891	t1947	EC958_1128	NCTC13441_02972	BW25113_0917	b0917
rfaG	Glycosyltransferase	1.90241924336916	-1.85164169524787	-1.89901153791058	2.29593628142063	2.30527994230469	2.80655713602688	2.5589585951738	2.48277689222115	2.68832725848074	3.05116822396086	2.57419348736517	2.47058152194055	3.51766574874572	4.5	ENC_02480	BN373_46121	ERS227112_00608	ROD_41861	SL1344_3688	SL3261_3688	STMMW_37111	STM_MW37111	SEN3544	t3796	EC958_4038	NCTC13441_00053	BW25113_3631	b3631
ybhT	Protein of unknown function (DUF2592).	2.17238678701606	2.78520293467808	2.73159021542587	1.93984022048996	1.57027087741603	2.09198846104601	2.1169665902832	1.22705810334889	1.44675846983303	2.39625171870936	2.77009453452798	1.09585831465237	-4.5	4.5	ENC_19790	BN373_13321	ERS227112_03209	ROD_07581	SL1344_0757	SL3261_0757	STMMW_08321	STM_MW08321	SEN0725	t2107	EC958_0874	NCTC13441_03232	BW25113_0762	b0762
ydiE	Hemin uptake protein	2.33084361853051	1.54615201940188	1.1786370663921	1.8595963723743	2.50781259797522	2.90134814180597	2.66346898732583	2.3315262947957	1.80773048402633	1.98877367799257	1.02545856492555	0.339775882165765	-4.5	4.5	ENC_13990	BN373_27491	ERS227112_04510	ROD_13501	SL1344_1280	SL3261_1280	STMMW_13531	STM_MW13531	SEN1698	t1227	EC958_1927	NCTC13441_02174	BW25113_1705	b1705
