cI	repressor protein	STM_MW32121	2.6900609511	STMMW_32121	3.1366591888	ROD_09351	3.0862647382	ERS227112_03320	4.5241995194	BN373_14531	3.2135030604	t3402	2.917761099	SL1344_2633	4.1361877918	SL3261_2633	3.8042153017																		Phage repressor, so it is essential wherever it exists
cI	helix-turn-helix domain-containing protein	CS17_02569	1.2920479568	NCTC13441_03048	1.9631880889	EC958_4871	1.6010330388	ROD_36981	2.3660740867																										Phage repressor, so it is almost essential wherever it exists
cydA	cytochrome d terminal oxidase, subunit I	b0733	7	BW25113_0733	1.7138943557	ETEC_0743	2.5613012965	CS17_00731	2.0488282079	NCTC13441_03262	4.0263618454	EC958_0850	0.8092731419	t2136	0.5865491762	SEN0690	1.2395078348	STM_MW07971	1.7904688884	STMMW_07971	1.309662805	SL3261_0722	1.9150996371	SL1344_0722	2.5088091537	ROD_07271	0.7551709732	ERS227112_03179	-0.4967480977	BN373_13101	0.1690864156	ENC_20050	2.4143286334		All duplicated
cydB	cytochrome d terminal oxidase, subunit II	b0734	0	BW25113_0734	1.4682594009	ETEC_0744	2.2308220267	CS17_00732	2.8671271423	NCTC13441_03261	3.1674864679	EC958_0851	0.7458849167	t2135	0.5271015205	SEN0691	1.31934636	STM_MW07981	2.6030430612	STMMW_07981	1.8529672	SL3261_0723	1.4591729962	SL1344_0723	2.6564170719	ROD_07281	0.3103745379	ERS227112_03180	-0.5500385891	BN373_13111	-0.1672315475	ENC_20040	2.2956141887		All duplicated
cydD	glutathione/cysteine ABC transporter export permease/ATPase	b0887	0	BW25113_0887	3.8642829118	ETEC_0955	2.3088122015	CS17_00949	3.7320769247	NCTC13441_03106	4.2045278316	EC958_0999	0.5018489344	t1977	0.7261752557	SEN0861	2.2009764508	STM_MW09691	1.9028622623	STMMW_09691	1.5730798636	SL3261_0895	2.0697326482	SL1344_0895	2.5866645275	ROD_09511	1.2876809739	ERS227112_03406	-0.1797449311	BN373_15351	0.2293149295	ENC_17950	4.4667538099		All duplicated
cysE	serine acetyltransferase	b3607	0	BW25113_3607	0.9780285424	ETEC_3850	1.3113366613	CS17_04056	1.1964485643	NCTC13441_00076	1.4109225776	EC958_4015	2.0040211259	t3820	0.4644096103	SEN3521	1.6340381465	STM_MW36871	3.2185466573	STMMW_36871	1.6541367272	SL3261_3665	1.0514795335	SL1344_3665	1.8721340395	ROD_42091	1.0106744766	ERS227112_00627	3.2765926703	BN373_45931	1.738596157	ENC_02250	1.0528873388		??? ROD and ENC are duplicated
dam	DNA adenine methyltransferase	b3387	0	BW25113_3387	-1.3893113494	ETEC_3637	-0.0613453867	CS17_03808	3.1920934971	NCTC13441_00313	-0.1281872658	EC958_3778	-0.2442826701	t4022	-0.0391567102	SEN3310	-0.3368706651	STM_MW34741	-0.1462881491	STMMW_34741	-0.561303869	SL3261_3451	0.2209329237	SL1344_3451	-0.1656842338	ROD_44361	-0.2788396308	ERS227112_00827	3.2412746967	BN373_43951	-0.1236826948	ENC_25840	1.6772458962		??? many are duplicated
dapF	diaminopimelate epimerase	b3809	0	BW25113_3809	2.6366484816	ETEC_4088	2.3039466291	CS17_04263	2.9700597356	NCTC13441_04710	3.3111191219	EC958_4271	0.7593134515	t3350	2.4662261933	SEN3744	2.1024665798	STM_MW39181	1.5240993621	STMMW_39181	3.1364606813	SL3261_3901	1.4513954321	SL1344_3901	2.5143799257	ROD_39421	2.676115999	ERS227112_01780	-0.6142915266	BN373_49331	1.0188240062	ENC_01980	1.0972929679		
dnaJ	chaperone Hsp40, DnaK co-chaperone	b0015	0	BW25113_0015	-0.6247592806	ETEC_0014	1.1003024461	CS17_00015	-0.69750893	NCTC13441_03977	0.1726123191	EC958_0147	0.0306565889	t0013	0.6506826934	SEN0012	0.3867925057	STM_MW00121	0.7333113699	STMMW_00121	0.6320656099	SL3261_0013	0.0958179683	SL1344_0013	0.0990993618	ROD_00111	1.907335019	ERS227112_02351	2.1941200795	BN373_04971	0.1689133921	ENC_45380	0.305593541		
folA	dihydrofolate reductase	b0048	7	BW25113_0048	1.6755198981	ETEC_0048	2.604345578	CS17_00049	2.0699761361	NCTC13441_03942	-0.0917513063	EC958_0182	0.0187802443	t0090	0.0476953849	SEN0089	2.499075448	STM_MW00921	-0.0087177528	STMMW_00921	-0.0864305356	SL3261_0088	2.6267857791	SL1344_0088	2.7952724025	ROD_00551	2.6109126601	ERS227112_02381	-0.5791443223	BN373_05321	2.4210148405				
folP	7,8-dihydropteroate synthase	b3177	0	BW25113_3177	2.8582596691	ETEC_3442	2.7261886631	CS17_03618	2.6356065276	NCTC13441_00516	0.2731728917	EC958_3577	-0.0810643899	t3212	-0.6390957718	SEN3128	1.9385749298	STM_MW32931	-0.2981297145	STMMW_32931	-0.4390645906	SL3261_3266	-0.5813920827	SL1344_3266	-0.4983785513	ROD_46441	2.3879047359	ERS227112_01012	-0.2749097472	BN373_42371	2.1146560559	ENC_34120	1.4593070779		
ftsB	cell division protein	b2748	7	BW25113_2748	1.2977444799	ETEC_2939	1.6930079338	CS17_03073	2.565690149	NCTC13441_01025	1.4153428046	EC958_3019	2.3310240136	t2832	1.6955258264	SEN2770	2.2155027087	STM_MW28941	1.233488059	STMMW_28941	0.9663528498	SL3261_2910	1.1989422213	SL1344_2910	0.7553194658	ROD_30611	2.2976919563	ERS227112_01550	1.4352629959	BN373_37541	1.9651293951	ENC_30030	2.0803913734		
ftsK	DNA translocase at septal ring sorting daughter chromsomes	b0890	7	BW25113_0890	0.0081254271	ETEC_0958	1.7092065355	CS17_00952	0.7097022786	NCTC13441_03103	1.2947003854	EC958_1002	0.2519241305	t1974	1.6699195222	SEN0864	0.5161454995	STM_MW09721	1.7972236674	STMMW_09721	1.6497503262	SL3261_0898	1.7009149491	SL1344_0898	1.7098908151	ROD_09541	1.9037265296	ERS227112_03409	1.9790537906	BN373_15381	1.5797246831				
ftsL	membrane bound cell division leucine zipper septum protein	b0083	7	BW25113_0083	1.4862869938	ETEC_0081	1.675016843	CS17_00083	0.7884747519	NCTC13441_03902	1.9106310427	EC958_0223	1.0824285688	t0125	1.845152231	SEN0122	1.0353662875	STM_MW01271	1.0554243195	STMMW_01271	2.4731434522	SL3261_0121	2.2071643315	SL1344_0121	1.0496720557	ROD_00891	2.1333047087	ERS227112_02424	0.9935426304	BN373_05761	2.278338176	ENC_45950	1.8264601486		
galU	glucose-1-phosphate uridylyltransferase	b1236	0	BW25113_1236	-0.1217696222	ETEC_1340	-0.3000883975	CS17_01420	2.5718195037	NCTC13441_02599	1.3639127343	EC958_1509	1.8931768161	t1663	0.0392930282	SEN1284	0.6410742642	STM_MW17471	0.4719079662	STMMW_17471	0.077592262	SL3261_1683	0.1414511787	SL1344_1683	0.4217179256	ROD_17721	0.0968053474	ERS227112_04470	0.3233126466	BN373_27981	-0.6646274293	ENC_07940	2.244946635		
gmhA	D-sedoheptulose 7-phosphate isomerase	b0222	0	BW25113_0222	0.0823485206	ETEC_0247	0.7766656805	CS17_00236	1.5950275878	NCTC13441_03756	1.7794093562	EC958_0362	2.1468547138	t2540	3.0717005788	SEN0293	1.0697698818	STM_MW03211	2.0516302926	STMMW_03211	1.3662055608	SL3261_0306	1.3145951343	SL1344_0306	1.1077258434	ROD_02231	1.7842147488	ERS227112_02576	2.325407913	BN373_07201	2.1681739943	ENC_24690	1.2786492308		
grpE	heat shock protein	b2614	7	BW25113_2614	0.8187360741	ETEC_2820	1.4090248381	CS17_02954	1.1660356791	NCTC13441_01128	1.1399060921	EC958_2915	1.8831535842	t2636	1.2887621986	SEN2602	0.4372900949	STM_MW26951	1.2387686001	STMMW_26951	2.1214757104	SL3261_2654	1.3826774844	SL1344_2654	0.8402789637	ROD_25631	1.5261714216	ERS227112_01707	2.2745163316	BN373_35901	2.2128530877	ENC_28120	1.6238643505		
hemL	glutamate-1-semialdehyde aminotransferase (aminomutase)	b0154	7	BW25113_0154	1.1430554135	ETEC_0150	2.1743948818	CS17_00164	1.7011493926	NCTC13441_03822	2.6852989942	EC958_0302	2.7175025459	t0203	1.4625964084	SEN0207	1.8157875248	STM_MW02081	2.8564363523	STMMW_02081	0.930801214	SL3261_0203	0.0244155049	SL1344_0203	1.2834526157	ROD_01581	2.3323385523	ERS227112_02510	1.9659512072	BN373_06601	0.3318749466	ENC_46750	1.2622680962		
higA	antitoxinof the HigB-HigA toxin-antitoxin system	b3082	0	BW25113_3082	1.1226777055	ETEC_3352	1.2887590189	t3591	0.6384614181	SEN3818	0.2658448113	STM_MW39941	0.2772441192	STMMW_39941	0.3403801566	SL3261_3976	0.1564137437	SL1344_3976	0.4951987397	ROD_30191	0.9369822114	ERS227112_00153	0.7800027469	ENC_03620	1.81686	CS17_03512	0.0306983101	EC958_3488	1.5659766145	NCTC13441_00608	1.8005093212	BN373_10991	0.3555966343		
hldD	ADP-L-glycero-D-mannoheptose-6-epimerase, NAD(P)-binding	b3619	0	BW25113_3619	0.1296656041	ETEC_3862	0.9880940194	CS17_04067	2.626401841	NCTC13441_00065	1.3596893934	EC958_4026	2.3866765154	t3809	2.6501995967	SEN3532	1.0446924737	STM_MW36991	1.9266835009	STMMW_36991	1.5365376317	SL3261_3676	1.9508222829	SL1344_3676	1.3945652559	ROD_41981	2.0812631046	ERS227112_00616	2.7128009033	BN373_46041	2.7272071895	ENC_02380	1.3226666023		
hldE	heptose 7-phosphate kinase and heptose 1-phosphate adenyltransferase	b3052	0	BW25113_3052	0.1599124369	ETEC_3323	0.8531930318	CS17_03482	2.1833346149	NCTC13441_00640	1.9417572158	EC958_3456	3.2799727672	t3120	3.895309727	SEN3042	0.7549704846	STM_MW31611	1.4898803054	STMMW_31611	0.7524409401	SL3261_3173	0.8828366336	SL1344_3173	0.9797377574	ROD_35951	1.6059919363	ERS227112_01150	4.1351374768	BN373_41091	4.6100505278	ENC_32900	1.5803921903		
holC	DNA polymerase III, chi subunit	b4259	0	BW25113_4259	0.9141927899	ETEC_4605	0.212076858	CS17_04744	-0.5138058137	NCTC13441_04189	-0.2557558739	EC958_4753	0.2353857414	t4511	0.802097815	SEN4229	-0.1133318708	STM_MW44221	2.168507314	STMMW_44221	1.5986184601	SL3261_4406	0.7892818683	SL1344_4406	0.4547223566	ROD_33251	1.4771318024	ERS227112_02146	2.0255701157	BN373_02811	1.6226692782	ENC_34510	1.6971065802		
holD	DNA polymerase III, psi subunit	b4372	0	BW25113_4372	0.9067254913	ETEC_4672	0.6944808631	CS17_04840	-0.5572174288	NCTC13441_04023	2.4278757278	EC958_0100	2.4042346466	t4600	1.5214384476	SEN4319	0.2882621084	STM_MW45001	1.4649512998	STMMW_45001	2.9322386812	SL3261_4485	1.5812712279	SL1344_4485	1.6139040222	ROD_48731	2.4400291043	ERS227112_02306	1.8992105855	BN373_04531	1.9837460895				
icd	isocitrate dehydrogenase; e14 prophage attachment site; tellurite reductase	b1136	0	BW25113_1136	0.3895204765	ETEC_1260	2.1121817727	CS17_01337	0.5209364094	NCTC13441_02776	1.9671782646	EC958_1333	2.8441583639	t1682	1.442137793	SEN1811	1.0778042713	STM_MW12481	0.8973811319	STMMW_12481	0.3061672307	SL3261_1176	0.4824292345	SL1344_1176	0.5046634366	ROD_12261	1.8208837171	ERS227112_03614	3.4164885739	BN373_17611	1.864382419	ENC_14990	0.9160318923		
iscS	cysteine desulfurase (tRNA sulfurtransferase), PLP-dependent	b2530	0	BW25113_2530	1.5252204671	ETEC_2687	1.8181938267	CS17_02816	1.3631952744	NCTC13441_01206	3.2206237246	EC958_2841	2.187530372	t0313	1.6938186115	SEN2523	1.1860793973	STM_MW25601	2.6121461054	STMMW_25601	2.4254488423	SL3261_2505	1.4308645741	SL1344_2505	1.2346244879	ROD_24741	0.7789639475	ERS227112_00054	3.0488792576	BN373_35191	2.474040032	ENC_37240	1.6935254142		
lipA	lipoate synthase	b0628	0	BW25113_0628	0.7625471758	ETEC_0656	0.9581583159	CS17_00634	1.047540183	NCTC13441_03367	2.1045548232	EC958_0746	1.4909542076	t2234	1.1125258673	SEN0602	2.4056062847	STM_MW06981	1.5540637679	STMMW_06981	2.0845025951	SL3261_0621	2.861869482	SL1344_0621	1.8834116541	ROD_06461	2.1766023624	ERS227112_03102	2.2881457587	BN373_12401	2.0755794469	ENC_20820	3.0418085805		
lptC	periplasmic membrane-anchored LPS-binding protein; LPS export protein	b3199	7	BW25113_3199	1.4536478662	ETEC_3464	1.63593612	CS17_03641	1.0001176693	NCTC13441_00493	1.5575720544	EC958_3599	2.195018582	t3234	1.8854751378	SEN3150	2.95434098	STM_MW33161	1.8170997055	STMMW_33161	1.69505795	SL3261_3289	1.5430512943	SL1344_3289	1.3445728705	ROD_46211	2.3303973217	ERS227112_00989	1.6445075789	BN373_42591	2.737043785	ENC_34360	1.5996309934		
mnmA	tRNA(Gln,Lys,Glu) U34 2-thiouridylase	b1133	0	BW25113_1133	2.2910142978	ETEC_1257	1.0509699408	CS17_01334	0.9091925575	NCTC13441_02779	1.8223730513	EC958_1330	1.2085991694	t1686	2.8699621476	SEN1815	0.8194718731	STM_MW12441	2.4455841544	STMMW_12441	0.9075189749	SL3261_1172	1.0172002356	SL1344_1172	1.4997026862	ROD_12231	1.1291124337	ERS227112_03611	2.6895172057	BN373_17581	2.5452751281	ENC_15020	2.5941138259		
nusB	transcription antitermination protein	b0416	0	BW25113_0416	0.97538834	ETEC_0469	2.3424916827	CS17_00446	1.7863086712	NCTC13441_03563	2.0150005594	EC958_0554	2.2055553491	t2445	1.5241217659	SEN0400	1.5030643367	STM_MW04881	1.3424077168	STMMW_04881	2.3207615826	SL3261_0412	2.2782200156	SL1344_0412	2.428682486	ROD_04651	2.0214744746	ERS227112_02719	1.4076395821	BN373_08571	1.091347448				
orn	oligoribonuclease	b4162	7	BW25113_4162	1.7873655266	ETEC_4511	2.685413153	CS17_04641	2.0441283055	NCTC13441_04291	1.874194883	EC958_4652	1.6112824971	t4402	2.0792155267	SEN4120	1.2516169766	STM_MW42981	0.665342827	STMMW_42981	0.3864727594	SL3261_4287	1.637254539	SL1344_4287	0.9175769242	ROD_32241	2.0756648772	ENC_42640	2.0029292095						
priB	primosomal protein N	b4201	0	BW25113_4201	-0.2529402559	ETEC_4547	0.7036900735	CS17_04680	0.0429967063	NCTC13441_04252	0.8768228505	EC958_4688	0.9633587232	t4443	1.7871009031	SEN4158	0.87428422	STM_MW43361	1.7252142373	STMMW_43361	1.5450574122	SL3261_4325	1.1134100049	SL1344_4325	0.0896104439	ROD_32552	2.5191982393	ERS227112_02073	2.3275955971	BN373_02061	0.8886498928	ENC_43010	1.3086039297		
purB	adenylosuccinate lyase	b1131	7	BW25113_1131	3.3030092321	ETEC_1255	2.4102457329	CS17_01332	2.8296186926	NCTC13441_02781	0.5205523887	EC958_1328	1.5446024455	t1688	2.4474252617	SEN1817	1.3039081057	STM_MW12421	1.0524971573	STMMW_12421	1.213030753	SL3261_1170	1.1926945305	SL1344_1170	1.5572023878	ROD_12211	1.5834904148	ERS227112_03609	1.4674183243	BN373_17561	1.6485933226	ENC_15040	1.8393427052		
rep	DNA helicase and single-stranded DNA-dependent ATPase	b3778	0	BW25113_3778	-0.089654125	ETEC_4060	1.0411509722	CS17_04229	0.7103148655	NCTC13441_04744	1.3936229158	EC958_4240	0.795643519	t3384	1.5268969225	SEN3718	1.8643735947	STM_MW38881	2.876385767	STMMW_38881	2.6499648716	SL3261_3872	1.3053261484	SL1344_3872	2.9612727916	ROD_39691	0.7694608917	ERS227112_01746	2.2036825841	BN373_49041	1.7080179289	ENC_02230	1.4037629971		
rnc	RNase III	b2567	0	BW25113_2567	0.0737450896	ETEC_2780	1.8368319089	EC958_2873	0.3347734986	t0277	0.4684581266	SEN2561	2.8694633629	STM_MW25971	0.887328344	STMMW_25971	1.3202438396	SL3261_2543	1.1982473589	SL1344_2543	2.043902545	ROD_25131	1.6779913799	ERS227112_00020A	2.5980878193	BN373_35501	2.2873430204	ENC_36940	1.4051619526						
rplA	50S ribosomal subunit protein L1	b3984	0	BW25113_3984	2.0652659517	ETEC_4243	1.4917393969	CS17_04445	0.2137873533	NCTC13441_04512	2.0297796469	EC958_5095	1.3125407734	t3477	0.9697380997	SEN3934	1.0946963832	STM_MW41031	1.8069448263	STMMW_41031	1.6907719205	SL3261_4089	1.8160445721	SL1344_4089	1.3082108097	ROD_37681	1.6887354487	ERS227112_01831	2.0594563249	BN373_49771	2.5881160976	ENC_01420	2.6142435274		
rpmC	50S ribosomal subunit protein L29	b3312	7	BW25113_3312	1.0966050542	ETEC_3564	1.9436219789	CS17_03747	2.2076813831	NCTC13441_00383	1.5697232325	EC958_3705	1.9020547158	t4073	0.9154075198	SEN3260	1.3967550144	SL3261_3399	2.0792729632	SL1344_3399	1.5450226355	ROD_45101	1.942207065	ERS227112_00875	1.8455323264	BN373_43481	1.9144632947	ENC_25260	1.7212984525						
rpmH	50S ribosomal subunit protein L34	b3703	7	BW25113_3703	0.8990501085	ETEC_3993	1.3577672802	CS17_04154	1.1421311759	NCTC13441_04813	1.7832567644	EC958_4177	2.2834185759	t3680	1.0794718221	SEN3656	1.8981308416	STM_MW38241	1.3051216879	STMMW_38241	2.2829689289	SL3261_3806	1.8955980675	SL1344_3806	2.0989846049	ROD_40243	2.0586526354	ERS227112_00468C	1.3676626772	BN373_47501	1.4393518874				
rpmI	50S ribosomal subunit protein L35	b1717	0	BW25113_1717	0.5822780844	ETEC_1749	1.7744088937	CS17_01900	1.1579791889	NCTC13441_02162	1.1159996213	EC958_1938	1.1519621167	t1215	2.4156546771	SEN1709	2.5969074564	STM_MW13421	0.9932615001	STMMW_13421	1.2779524552	SL3261_1269	1.451879612	SL1344_1269	1.0959390604	ROD_13391	2.7874674024	ERS227112_04494	1.8425785502	BN373_27641	1.0686817309				
rpoN	RNA polymerase, sigma 54 (sigma N) factor	b3202	0	BW25113_3202	0.0288906008	ETEC_3467	1.2063692037	CS17_03644	0.8777392398	NCTC13441_00490	1.6697490637	EC958_3602	2.0141835958	t3237	-0.223867611	SEN3153	2.0167161455	STMMW_33191	0.7585937101	SL3261_3292	0.3131527784	SL1344_3292	1.0349114564	ROD_46181	1.772381999	ERS227112_00986	0.3208017541	BN373_42621	-0.3096691303	ENC_34390	-0.1907915568				
rpsI	30S ribosomal subunit protein S9	b3230	0	BW25113_3230	1.6534578361	ETEC_3491	0.6748622052	CS17_03667	0.0811578046	NCTC13441_00469	1.770153845	EC958_3622	1.052635609	t3260	0.7205218182	SEN3177	1.1910160311	STM_MW33431	1.8335426973	STMMW_33431	0.989349498	SL3261_3316	1.5343363656	SL1344_3316	1.1732240914	ROD_45931	1.6672616655	ERS227112_00968	1.9267884041	BN373_42791	1.9410686683	ENC_34730	1.3572469122		
rpsO	30S ribosomal subunit protein S15	b3165	0	BW25113_3165	1.5198600864	ETEC_3432	1.2574446195	EC958_3567	1.9578648115	t3201	1.6539419007	SEN3118	1.7468034651	STM_MW32831	2.063910223	STMMW_32831	1.2730460207	SL3261_3256	1.3428796896	SL1344_3256	1.2971447734	ROD_46671	1.7026638499	ERS227112_01026A	2.5124695571	BN373_42251	2.048376686	ENC_34030	1.7078091441						
rpsP	30S ribosomal subunit protein S16	b2609	7	BW25113_2609	1.2461529111	ETEC_2816	1.7309082129	CS17_02950	1.8943281109	NCTC13441_01132	1.469889642	EC958_2911	2.2009787868	t2631	1.1853016346	SEN2597	2.8072635351	STM_MW26901	0.8725944098	STMMW_26901	2.2186376566	SL3261_2649	1.3007118929	SL1344_2649	1.9838423589	ROD_25591	2.0636672628	ERS227112_01711	1.8125233061	BN373_35861	1.5303906161	ENC_28080	1.644139936		
rpsU	30S ribosomal subunit protein S21	b3065	7	BW25113_3065	1.1326992323	ETEC_3336	1.3740328678	CS17_03495	0.881038217	NCTC13441_00627	1.7426186474	EC958_3471	2.385062317	t3129	1.5994623292	SEN3052	1.9438091814	STM_MW31701	0.8091224679	STMMW_31701	1.3708942542	SL3261_3183	1.8051195306	SL1344_3183	1.3035048822	ROD_36171	1.8235200518	ERS227112_01133	2.1400001722	BN373_41271	1.8751001685	ENC_33100	1.8881030369		
rseP	inner membrane zinc RIP metalloprotease; RpoE activator, by degrading RseA; cleaved signal peptide endoprotease	b0176	7	BW25113_0176	2.9386266645	ETEC_0171	1.2407789266	CS17_00186	0.8515676156	NCTC13441_03800	1.7601358047	EC958_0322	0.6197461804	t0224	3.275058759	SEN0230	0.3733031019	STM_MW02291	0.0632919359	STMMW_02291	0.166058371	SL3261_0224	-0.1531824554	SL1344_0224	-0.2947993385	ROD_01791	0.7983620626	ERS227112_02531	2.7056902239	BN373_06811	1.7576703158	ENC_46990	1.2925264989		
rsgA	ribosome small subunit-dependent GTPase A	b4161	0	BW25113_4161	1.1019345712	ETEC_4510	1.328469093	CS17_04640	1.0425538075	NCTC13441_04292	1.5244986592	EC958_4651	1.2512475911	t4401	2.7875792944	SEN4119	1.6186983655	STM_MW42971	2.0368483101	STMMW_42971	2.289300866	SL3261_4286	1.6476154415	SL1344_4286	1.9740390328	ROD_32231	2.5981498359	ERS227112_02036	0.9940035966	BN373_01711	1.7297722765				
secB	protein export chaperone	b3609	0	BW25113_3609	0.3545549712	ETEC_3852	1.8834862676	CS17_04058	2.4904027044	NCTC13441_00074	0.8871451251	EC958_4017	0.4256402851	t3818	0.8700447167	SEN3523	0.2829111837	STM_MW36891	0.9163194504	STMMW_36891	1.3324905078	SL3261_3667	-0.4483213512	SL1344_3667	0.3470966155	ROD_42071	2.5364517655	ERS227112_00625	1.482597634	BN373_45951	2.6281582323	ENC_02270	1.433591846		
sopB_1	ParB-like partition proteins	ERS227112_00240	2.9015274748	ENC_35700	1.9019942812																														
sucA	2-oxoglutarate decarboxylase, thiamine triphosphate-binding	b0726	0	BW25113_0726	0.765302035	ETEC_0736	3.5649769871	CS17_00724	1.9127127202	NCTC13441_03270	1.1645651427	EC958_0840	1.0736184117	t2140	3.5566668871	SEN0686	0.4041668652	STM_MW07931	1.0813269562	STMMW_07931	0.9531838694	SL3261_0718	0.7016593065	SL1344_0718	0.2810210557	ROD_07231	0.6408845507	ERS227112_03175	0.6682400602	BN373_13051	1.1996378839	ENC_20130	1.6849080483		
sucB	dihydrolipoyltranssuccinase	b0727	0	BW25113_0727	1.1272115494	ETEC_0737	2.2294888846	CS17_00725	1.6346839437	NCTC13441_03269	0.644007917	EC958_0841	1.0192838467	t2139	3.0016164892	SEN0687	0.475368324	STM_MW07941	1.0508662509	STMMW_07941	1.0875211178	SL3261_0719	0.6457491509	SL1344_0719	0.5094095802	ROD_07241	1.0898508303	ERS227112_03176	0.8126707058	BN373_13061	2.0603194524	ENC_20120	3.1177703807		
thiL	thiamine monophosphate kinase	b0417	7	BW25113_0417	1.5853801072	ETEC_0470	1.8015584163	CS17_00447	1.3992926539	NCTC13441_03562	2.0662602978	EC958_0555	0.1026572761	t2444	1.1635762443	SEN0401	2.9829224526	STM_MW04891	0.8423613122	STMMW_04891	1.648701424	SL3261_0413	2.1068421626	SL1344_0413	1.1766380466	ROD_04661	0.1052828128	ERS227112_02720	2.112537489	BN373_08581	1.1025217699	ENC_23420	1.6816639802		
trpS	tryptophanyl-tRNA synthetase	b3384	7	BW25113_3384	3.1413607594	ETEC_3634	3.8536869689	CS17_03805	2.7973530058	NCTC13441_00316	3.5455191021	EC958_3775	3.518651259	t4024	-0.7355448829	SEN3307	-0.8242305272	STM_MW34711	-0.3243956416	STMMW_34711	-0.6125378185	SL3261_3448	-0.602707267	SL1344_3448	-0.5220426951	ROD_44391	2.706047101	ERS227112_00830	-0.3572116622	BN373_43921	-1.0533987929	ENC_25810	-0.8556635147		
tusC	mnm(5)-s(2)U34-tRNA synthesis 2-thiolation protein	b3344	0	BW25113_3344	0.2833870386	ETEC_3595	0.6682489666	CS17_03765	0.2922975397	NCTC13441_00351	0.9287331391	EC958_3740	0.9735226906	t4055	0.802976389	SEN3278	0.8296881485	STM_MW34421	0.4933573059	STMMW_34421	0.3402865403	SL3261_3417	0.6318724901	SL1344_3417	0.6763824426	ROD_44751	0.1552983338	ERS227112_00857	2.0101779569	BN373_43661	1.4945312044	ENC_25430	1.7221643039		
ubiF	2-octaprenyl-3-methyl-6-methoxy-1,4-benzoquinol oxygenase	b0662	0	BW25113_0662	0.7706352521	ETEC_0690	1.5333368678	CS17_00668	1.0805099053	NCTC13441_03335	1.3117273065	EC958_0780	0.9824708825	t2202	2.8703617829	SEN0640	3.1722257973	STM_MW07361	2.7124480416	STMMW_07361	2.2329647643	SL3261_0660	2.8537792637	SL1344_0660	1.7581848767	ROD_06751	1.2641407971	ERS227112_03129	1.6618582638	BN373_12671	1.0763749978	ENC_20540	2.7526987437		
ubiX	3-octaprenyl-4-hydroxybenzoate carboxy-lyase	b2311	0	BW25113_2311	1.9222122892	ETEC_2447	0.6760525505	CS17_02558	0.3310352846	NCTC13441_01400	1.3984285334	EC958_2646	1.2754475641	t0508	0.2460760232	SEN2338	0.2634737216	STM_MW23781	0.2121021769	STMMW_23781	0.0955744164	SL3261_2325	0.502715715	SL1344_2325	0.6035523746	ROD_27191	2.7757527282	ERS227112_03878	1.498709988	BN373_33111	0.3359655653	ENC_38970	1.540307311		
waaC	ADP-heptose:LPS heptosyl transferase I	b3621	0	BW25113_3621	0.1309960228	ETEC_3864	0.3894352374	CS17_04069	1.2362190583	NCTC13441_00063	1.4776883011	EC958_4028	2.6266600783	t3807	2.525939409	SEN3534	0.3717714936	STM_MW37011	1.8179558173	STMMW_37011	1.430053504	SL3261_3678	1.4954364207	SL1344_3678	1.4909902686	ROD_41961	1.8246066992	ERS227112_00614	2.6860232246	BN373_46061	3.0264288199	ENC_02400	1.22128606		
waaF	ADP-heptose:LPS heptosyltransferase II	b3620	0	BW25113_3620	-0.238736391	ETEC_3863	0.6593634055	CS17_04068	2.1523488139	NCTC13441_00064	1.2703893483	EC958_4027	1.5072797257	t3808	1.9798248683	SEN3533	0.7704159607	STM_MW37001	1.429184703	STMMW_37001	1.2130340972	SL3261_3677	0.6634191294	SL1344_3677	1.0069100647	ROD_41971	1.2770083014	ERS227112_00615	3.7664015648	BN373_46051	2.7161966301	ENC_02390	0.9661201527		
waaG	UDP-glucose:(heptosyl)lipopolysaccharide alpha-1,3-glucosyltransferase; lipopolysaccharide core biosynthesis protein; lipopolysaccharide glucosyltransferase I	b3631	0	BW25113_3631	-1.1206428152	ETEC_3872	-0.9685213046	CS17_04077	2.3354280714	NCTC13441_00053	-0.0312683053	EC958_4038	-0.177386116	t3796	-0.3351214868	SEN3544	-0.4932119628	STM_MW37111	0.2340300949	STMMW_37111	-0.2708053446	SL3261_3688	-0.7397205756	SL1344_3688	0.2447351914	ROD_41861	-0.1470719402	ERS227112_00608	2.7596149083	BN373_46121	3.9010404788	ENC_02480	0.5487599886		
wzyE	putative ECA polysaccharide chain elongation protein	b3793	7	BW25113_3793	4.0731586472	ETEC_4076	0.2215366648	CS17_04245	-0.0740970033	NCTC13441_04729	0.8260597276	EC958_4256	0.3016303899	t3369	3.7579034601	SEN3733	2.5633824954	STM_MW39031	4.0659353762	STMMW_39031	2.7890665795	SL3261_3887	3.0174353898	SL1344_3887	4.8881405704	ROD_39531	2.1922418381	ERS227112_01764	0.1808667981	BN373_49221	-0.5367462748	ENC_02100	-0.167482492		
ybeD	UPF0250 family protein	b0631	0	BW25113_0631	1.4983562551	ETEC_0659	1.1340312497	CS17_00637	-0.0296024785	NCTC13441_03364	0.9403833526	EC958_0749	1.2506403703	t2231	1.9050898052	SEN0605	1.7042971853	STM_MW07011	2.2737766209	STMMW_07011	0.6743572226	SL3261_0624	1.2462335306	SL1344_0624	1.8413801836	ROD_06491	2.5041205092	ERS227112_03105	1.7761800209	BN373_12431	0.6981490182	ENC_20780	2.0636876034		
ybeY	ssRNA-specific endoribonuclease; co-endoribonuclease working with RNase R in 16S rRNA 3' end maturation and quality control; rRNA transcription antitermination factor	BW25113_0659	1.2930302954	b0659	0	ETEC_0687	2.3468883515	CS17_00665	1.4205042078	NCTC13441_03338	1.2065500752	EC958_0777	1.6073030397	t2205	1.6029579453	SEN0637	2.3525266158	STM_MW07331	1.408730007	STMMW_07331	2.135918356	SL3261_0657	1.5196663124	SL1344_0657	2.4816479693	ROD_06711	2.2650486383	ERS227112_03126	1.7324117054	BN373_12641	2.1497561604	ENC_20580	2.287062994		
yciM	LPS regulatory protein; putative modulator of LpxC proteolysis	b1280	0	BW25113_1280	1.4844843904	ETEC_1384	-0.1375518642	CS17_01465	0.9081399189	NCTC13441_02483	2.9205567586	EC958_1612	1.2565739327	t1621	3.5756490382	SEN1325	2.4836959469	STM_MW17031	1.7073756297	STMMW_17031	2.7169206937	SL3261_1640	-0.0215137695	SL1344_1640	3.5349368262	ROD_17201	3.0256283307	ERS227112_05452	3.5137339952	BN373_19021	1.5275539409				
ygfZ	iron-sulfur cluster repair protein, plumbagin resistance	b2898	0	BW25113_2898	0.8103823309	ETEC_3091	2.6542763976	CS17_03255	0.9998391655	NCTC13441_00857	2.0635035041	EC958_3180	1.2528963997	t2966	2.2246924124	SEN2891	1.3620880609	STM_MW30081	2.8212643995	STMMW_30081	1.7497823933	SL3261_3024	3.5856454373	SL1344_3024	1.6981363714	ROD_49351	1.2835991997	ERS227112_01337	1.7397483562	BN373_39931	2.8954494508				
	repressor protein cI	STM_MW03541	2.9820606942	STMMW_03541	2.1451225733	ERS227112_05429	2.0933507738	BN373_09941	2.9103561598																										
	conserved hypothetical protein	t3867	2.0120288128	SEN3475	2.0283637408	STM_MW36421	2.4869408985	STMMW_36421	1.7378496786	SL3261_3618	2.3083475911	SL1344_3618	2.0090810271	ERS227112_00182	2.9986802686	BN373_45611	-0.0753037412	ENC_10440	0.8010621175																
	putative prophage repressor	ETEC_0793	2.8232469176	ERS227112_05331	3.517038467	BN373_33841	2.8374744334	ENC_24360	2.7759985622																										
	Predicted transcriptional regulator	ERS227112_02848	3.5412384827	ENC_17410	3.0920019085																														
